model,layer,head,rA,mean_conc,r_conc_entropy,head_dim
gpt2,0,0,-0.60649204,0.32965939055229054,-0.5651357707442539,64
gpt2,0,1,-0.80596083,0.3403949984188738,0.04721659648901712,64
gpt2,0,2,-0.6384134,0.43057016874181814,-0.3080674640936449,64
gpt2,0,3,-0.7078382,0.3034051353561467,0.17100696894821943,64
gpt2,0,4,-0.5367716,0.38661684866609247,-0.18097654897439344,64
gpt2,0,5,-0.6475316,0.38836340452062673,0.6060224029513673,64
gpt2,0,6,-0.58551836,0.286827663923132,-0.7712859949659996,64
gpt2,0,7,-0.45061934,0.3297861465092363,-0.6142735979595931,64
gpt2,0,8,-0.5202259,0.4290956474583724,-0.33758557335188555,64
gpt2,0,9,-0.5336193,0.4597850441932678,-0.5911178449165037,64
gpt2,0,10,-0.55223376,0.4842757284641266,-0.03144163969086166,64
gpt2,0,11,-0.3710176,0.3939523922985998,-0.752376472218353,64
gpt2,1,0,-0.46114516,0.2839096085778598,-0.6000641502906522,64
gpt2,1,1,-0.6493661,0.2982698329563799,-0.8102525275135614,64
gpt2,1,2,-0.50952804,0.3518196549908868,-0.7360630898177944,64
gpt2,1,3,-0.7732928,0.6244128366996502,-0.9231158794998414,64
gpt2,1,4,-0.290198,0.3504684752431409,-0.8532162344728043,64
gpt2,1,5,-0.6448125,0.43077267243944367,-0.11637334461974896,64
gpt2,1,6,-0.44733405,0.38781921616916,-0.3951282238944831,64
gpt2,1,7,-0.6500309,0.3644806917371421,-0.5568004323635046,64
gpt2,1,8,-0.5024246,0.35341522097587585,-0.7106694300369785,64
gpt2,1,9,-0.6046621,0.33838358726994744,-0.4768171663829475,64
gpt2,1,10,-0.34871605,0.3743621126331132,-0.9352480627662311,64
gpt2,1,11,-0.5106101,0.6828806112552511,0.4606840097759561,64
gpt2,2,0,-0.5259672,0.3622343971811492,-0.8320733146237336,64
gpt2,2,1,-0.38268697,0.4002113861256632,-0.3341644526615882,64
gpt2,2,2,-0.5407903,0.30129047097830935,-0.26021024500775347,64
gpt2,2,3,-0.5750727,0.28070267007268707,-0.6792313195430438,64
gpt2,2,4,-0.43283218,0.3793780125420669,-0.49240070302752603,64
gpt2,2,5,-0.5850859,0.3270538140987528,-0.5969163112098382,64
gpt2,2,6,-0.61729187,0.35129502312890415,-0.5365052017286052,64
gpt2,2,7,-0.25991866,0.3740688290061622,-0.9139038091380953,64
gpt2,2,8,-0.5239831,0.36054388510769814,-0.5780567041244732,64
gpt2,2,9,-0.5786724,0.3594650980727426,-0.45280685570860196,64
gpt2,2,10,-0.54348934,0.30839194614311743,-0.5374346908860932,64
gpt2,2,11,-0.8287186,0.36679698886542483,-0.7253121203594947,64
gpt2,3,0,-0.6985894,0.4711788882469309,0.49750571958018897,64
gpt2,3,1,-0.7015885,0.2898946399318761,-0.7351827615401043,64
gpt2,3,2,-0.76443607,0.2711035434542031,-0.3308553184252525,64
gpt2,3,3,-0.56138283,0.3199507578693587,-0.12942709088823015,64
gpt2,3,4,-0.7839718,0.37246391382710686,0.05066706307126713,64
gpt2,3,5,-0.58010834,0.2936256887583897,-0.7303309411219568,64
gpt2,3,6,-0.6374529,0.2992088070203518,-0.7167394315266857,64
gpt2,3,7,-0.6883496,0.3093393080193421,-0.625303614993621,64
gpt2,3,8,-0.6465944,0.3227883371813544,-0.3704494202309072,64
gpt2,3,9,-0.5999981,0.30613708290560493,-0.60012890378802,64
gpt2,3,10,-0.8066694,0.3094222751157037,-0.828658728880638,64
gpt2,3,11,-0.627146,0.3264162663755746,-0.646611891724229,64
gpt2,4,0,-0.62858254,0.3075096977168116,-0.3253921168427746,64
gpt2,4,1,-0.616343,0.3338365986429412,-0.7469066778896091,64
gpt2,4,2,-0.6854429,0.355632654551802,-0.8424703438146458,64
gpt2,4,3,-0.62091273,0.35484443707712765,-0.7534573075393275,64
gpt2,4,4,-0.68937755,0.3498684512130145,-0.04946677392750299,64
gpt2,4,5,-0.85534877,0.25875370872431785,-0.493363263815989,64
gpt2,4,6,-0.87295145,0.3023828894927584,-0.6430922289340092,64
gpt2,4,7,-0.6820759,0.3307692516466667,-0.7243880538638919,64
gpt2,4,8,-0.8071763,0.3494716677172431,-0.565890062650622,64
gpt2,4,9,-0.66586024,0.34132346510887146,-0.8000406339784101,64
gpt2,4,10,-0.6766665,0.33371077323782034,-0.3220461418455087,64
gpt2,4,11,-0.77937174,0.3375115605263874,-0.035302014496759335,64
gpt2,5,0,-0.8395879,0.2818430415515242,-0.2719575484166305,64
gpt2,5,1,-0.911716,0.2922536165549837,-0.18812878142524359,64
gpt2,5,2,-0.80790746,0.2972743382741665,-0.24897383783775012,64
gpt2,5,3,-0.69606906,0.33939924373708924,-0.7158975920196765,64
gpt2,5,4,-0.81127894,0.305942941842408,-0.4742293065678137,64
gpt2,5,5,-0.87280744,0.3033997991989399,-0.33564773377522894,64
gpt2,5,6,-0.7990502,0.3136227444328111,0.05426875242071144,64
gpt2,5,7,-0.8546636,0.2832992909283474,-0.28384496635067813,64
gpt2,5,8,-0.85275733,0.3007978406445733,-0.5314506080456525,64
gpt2,5,9,-0.9162224,0.31394475184637927,-0.4220786902218493,64
gpt2,5,10,-0.6807213,0.3670529928700677,-0.18674710293420008,64
gpt2,5,11,-0.45317274,0.40992649464771663,-0.2563657081193659,64
gpt2,6,0,-0.673999,0.39079339648115224,-0.5454824834715052,64
gpt2,6,1,-0.8040621,0.28376434846171017,-0.17840448415457946,64
gpt2,6,2,-0.7243641,0.30910609405616235,-0.6494174684503686,64
gpt2,6,3,-0.666053,0.35904350876808167,-0.31760518624634304,64
gpt2,6,4,-0.6759517,0.2872230390022541,-0.36285171467177685,64
gpt2,6,5,-0.7643787,0.35389857662135155,-0.7067374610900358,64
gpt2,6,6,-0.7006711,0.31398882537052547,-0.4151638722281613,64
gpt2,6,7,-0.62490314,0.31463072937110376,-0.6968128429837401,64
gpt2,6,8,-0.79813975,0.28781500458717346,-0.1834367995871806,64
gpt2,6,9,-0.81595093,0.3437792607422533,-0.08736163435566635,64
gpt2,6,10,-0.8325218,0.3028764971371355,-0.11530501130011102,64
gpt2,6,11,-0.72569543,0.32621669820670424,-0.5638007818935052,64
gpt2,7,0,-0.84445494,0.3045118600130081,-0.09406138871346283,64
gpt2,7,1,-0.727946,0.35454247326686467,-0.526747109596312,64
gpt2,7,2,-0.91946596,0.2733920797191817,-0.18020205997361866,64
gpt2,7,3,-0.7291548,0.35961655501661627,-0.39046991534621645,64
gpt2,7,4,-0.8355793,0.3436440671312398,-0.04974507063289086,64
gpt2,7,5,-0.6010876,0.34980325657745887,-0.6496133622259294,64
gpt2,7,6,-0.8233083,0.34624501137897884,-0.4415647567654546,64
gpt2,7,7,-0.7809154,0.34369919012332784,-0.2721895027687931,64
gpt2,7,8,-0.57401943,0.3686662377982304,-0.29678375144332725,64
gpt2,7,9,-0.62968755,0.3592597148541746,-0.5465124202224645,64
gpt2,7,10,-0.8820634,0.291558847858988,-0.10326852109553328,64
gpt2,7,11,-0.9075729,0.297030920612401,-0.21766631463444056,64
gpt2,8,0,-0.7701968,0.37604294768695173,-0.5344770835739524,64
gpt2,8,1,-0.93325096,0.2818296901110945,-0.24688946401330414,64
gpt2,8,2,-0.6960803,0.28375256524003784,-0.6293703501979896,64
gpt2,8,3,-0.8322183,0.3397621574073002,-0.08930365883027705,64
gpt2,8,4,-0.625645,0.3384962076770848,-0.18220141405727508,64
gpt2,8,5,-0.6749559,0.3175975438849679,-0.3721575257178999,64
gpt2,8,6,-0.7432969,0.3497642905547701,-0.2373064082285191,64
gpt2,8,7,-0.76535887,0.3316653422240553,-0.0345748323379617,64
gpt2,8,8,-0.4967675,0.3714199014778795,-0.42418055265658666,64
gpt2,8,9,-0.7919751,0.3163016268919254,-0.46722834251212647,64
gpt2,8,10,-0.59747267,0.36005890369415283,-0.5038882019885672,64
gpt2,8,11,-0.70617217,0.29133984343758945,-0.49754794852777007,64
gpt2,9,0,-0.6196776,0.35056250362560665,-0.5268549333029853,64
gpt2,9,1,-0.66796523,0.3210338667548936,-0.48709927563362154,64
gpt2,9,2,-0.5262682,0.3940733342335142,-0.5638393371425209,64
gpt2,9,3,-0.636993,0.38376958822381907,-0.7505761786190702,64
gpt2,9,4,-0.85221606,0.3484832875687501,-0.11615705487961671,64
gpt2,9,5,-0.74979204,0.3498182861969389,-0.5704664893068422,64
gpt2,9,6,-0.75001884,0.3533047006048005,-0.42139532747836267,64
gpt2,9,7,-0.7039352,0.3258517764765641,-0.39307555771718716,64
gpt2,9,8,-0.87917936,0.33356939872791025,-0.13077966423863274,64
gpt2,9,9,-0.8272565,0.341050596072756,-0.1330279737074946,64
gpt2,9,10,-0.71916246,0.34588037585390025,-0.5012538379710167,64
gpt2,9,11,-0.7689647,0.3189401004848809,-0.4810509680930234,64
gpt2,10,0,-0.44264746,0.38538900634338114,-0.5889410320648003,64
gpt2,10,1,-0.70170665,0.3139239621573481,-0.43148194977840015,64
gpt2,10,2,-0.79208505,0.33422515207323533,-0.4115787879672445,64
gpt2,10,3,-0.74237204,0.3130072360408717,-0.17676738037331416,64
gpt2,10,4,-0.6552929,0.3182679830953993,-0.6059858195758502,64
gpt2,10,5,-0.781046,0.34629183545194825,-0.19433359783757956,64
gpt2,10,6,-0.7081677,0.2732737038669915,-0.40073591986246127,64
gpt2,10,7,-0.5972538,0.3990714642508277,0.07730164524598293,64
gpt2,10,8,-0.9046375,0.31636612888040216,-0.4103555948666578,64
gpt2,10,9,-0.7099557,0.310352087020874,-0.3609780405541503,64
gpt2,10,10,-0.8758029,0.37578957861867446,-0.5419650699099126,64
gpt2,10,11,-0.6377448,0.36754691189733046,-0.07079748825830279,64
gpt2,11,0,-0.6174351,0.30799583319959967,-0.44564282869815885,64
gpt2,11,1,-0.7724957,0.29639090546246233,-0.16613090817117726,64
gpt2,11,2,-0.7035351,0.31080146544966203,-0.189029347652436,64
gpt2,11,3,-0.45783538,0.38660637880193777,-0.40955491780400494,64
gpt2,11,4,-0.7918211,0.3399539189092044,-0.3390433914787584,64
gpt2,11,5,-0.7581333,0.2920416521614996,-0.47477884968517126,64
gpt2,11,6,-0.8667689,0.30274593881491957,-0.16329317472928945,64
gpt2,11,7,-0.814486,0.32439132805528315,-0.28551756299060116,64
gpt2,11,8,-0.22416933,0.5464560923905208,-0.8514271794032084,64
gpt2,11,9,-0.71400696,0.3301972849615689,-0.5003897126444626,64
gpt2,11,10,-0.51808965,0.37328607100864936,-0.23450762946527307,64
gpt2,11,11,-0.576614,0.3966096480344904,-0.12542369496913097,64
gpt2-medium,0,0,-0.4673958,0.2929906839954442,-0.7675609245099917,64
gpt2-medium,0,1,-0.4469734,0.43608574517841997,-0.5731213129345575,64
gpt2-medium,0,2,-0.5296859,0.3940211174816921,-0.705830735541919,64
gpt2-medium,0,3,-0.52129996,0.42439179995964316,-0.349932407509001,64
gpt2-medium,0,4,-0.41788518,0.3752117095322445,-0.0741423657298884,64
gpt2-medium,0,5,-0.1957977,0.3177016259267412,-0.7858636809492094,64
gpt2-medium,0,6,-0.40857774,0.3574401854441084,-0.00885892812722916,64
gpt2-medium,0,7,-0.3404601,0.5265949522626812,0.22320045328325003,64
gpt2-medium,0,8,-0.47798938,0.4672579508403252,-0.07789867747832137,64
gpt2-medium,0,9,-0.35550272,0.29324082516390704,-0.6280532105985923,64
gpt2-medium,0,10,-0.25004756,0.31125322189824334,-0.8290719687286652,64
gpt2-medium,0,11,-0.56810087,0.4176878959968172,-0.17097492870511732,64
gpt2-medium,0,12,-0.29598743,0.29979730782837705,-0.8681358197097409,64
gpt2-medium,0,13,-0.417842,0.46658189954428836,0.5472719012605932,64
gpt2-medium,0,14,-0.7021446,0.2880416712884245,-0.7696455413938561,64
gpt2-medium,0,15,-0.64061177,0.3620963106895315,-0.02423611501862972,64
gpt2-medium,1,0,-0.5152105,0.40628635369498156,-0.720320788247518,64
gpt2-medium,1,1,-0.4395936,0.5487321502175825,-0.41404701222004453,64
gpt2-medium,1,2,-0.6259188,0.45566117249686144,-0.6316238658504935,64
gpt2-medium,1,3,-0.5442287,0.441195888765927,0.003456053019004769,64
gpt2-medium,1,4,-0.5634158,0.6195034199747546,-0.5535249407206531,64
gpt2-medium,1,5,-0.40675014,0.49727928535691623,0.24188210489937537,64
gpt2-medium,1,6,-0.5508351,0.42031989734748315,-0.2204597944510532,64
gpt2-medium,1,7,-0.62734944,0.3117308210709999,-0.7480188235789194,64
gpt2-medium,1,8,-0.6881459,0.49179249590840834,0.09313714700912074,64
gpt2-medium,1,9,-0.33543518,0.36020521357141694,-0.7968067140931615,64
gpt2-medium,1,10,-0.7081212,0.5135251345305607,-0.09810844176396202,64
gpt2-medium,1,11,-0.54717004,0.4780321552835662,0.10226030169451023,64
gpt2-medium,1,12,-0.40287068,0.5644902617766939,0.047658553483848676,64
gpt2-medium,1,13,-0.6413487,0.4740410662930587,-0.03455477490110562,64
gpt2-medium,1,14,-0.50068474,0.28994940478226233,-0.7304560316375664,64
gpt2-medium,1,15,0.078024074,0.45632852254242734,-0.7207549374816813,64
gpt2-medium,2,0,-0.13627124,0.5353358285180454,-0.665786903108858,64
gpt2-medium,2,1,-0.3394899,0.5276943383545711,-0.7352901052987162,64
gpt2-medium,2,2,-0.4090405,0.5854991982723105,-0.38481191293393086,64
gpt2-medium,2,3,-0.48553878,0.34566641059415093,-0.3614279985226587,64
gpt2-medium,2,4,-0.4377502,0.3251587255247708,-0.43591239676633786,64
gpt2-medium,2,5,-0.50391656,0.36606406137861053,-0.619142207332314,64
gpt2-medium,2,6,-0.6094306,0.38812992696104376,-0.5544686186968732,64
gpt2-medium,2,7,-0.5927155,0.4381251026844156,-0.6774358999398997,64
gpt2-medium,2,8,-0.42368203,0.6119226412526493,0.31286329543613034,64
gpt2-medium,2,9,-0.48255095,0.5421035916640841,-0.2161610116254595,64
gpt2-medium,2,10,-0.6008198,0.320744030948343,-0.7459933869866726,64
gpt2-medium,2,11,-0.5403627,0.37201758705336474,-0.8308868584873109,64
gpt2-medium,2,12,-0.53993887,0.4933294314762642,-0.21126596141680276,64
gpt2-medium,2,13,-0.22500709,0.6441882355459805,0.365152803902519,64
gpt2-medium,2,14,-0.51327276,0.5797135069452483,-0.1809714543885292,64
gpt2-medium,2,15,-0.36768842,0.4657407937378719,-0.49985925464855907,64
gpt2-medium,3,0,-0.49604866,0.4688971299549629,-0.22270232833827308,64
gpt2-medium,3,1,-0.56254834,0.3769389925331905,-0.7196496435714944,64
gpt2-medium,3,2,-0.3966445,0.3639604911721986,-0.4429878562193821,64
gpt2-medium,3,3,-0.36522675,0.38428649203530674,-0.3677876843672376,64
gpt2-medium,3,4,-0.4419422,0.34408684331795264,-0.877549972649284,64
gpt2-medium,3,5,-0.62565094,0.31885210398969976,-0.7030419417321273,64
gpt2-medium,3,6,-0.35350037,0.2979992715449169,-0.7088698119757973,64
gpt2-medium,3,7,-0.60684466,0.3531610441618952,-0.7309029523710766,64
gpt2-medium,3,8,-0.5438748,0.28683187838258417,-0.7128644291732086,64
gpt2-medium,3,9,-0.45845798,0.3986439170508549,-0.5665435873970539,64
gpt2-medium,3,10,-0.45672664,0.3202670278220341,-0.6588274864941297,64
gpt2-medium,3,11,-0.41259897,0.42294424669495945,-0.4283263305538189,64
gpt2-medium,3,12,-0.40468386,0.3440430261965456,-0.5533668595035416,64
gpt2-medium,3,13,-0.46899626,0.3550085399685235,-0.14224599183201125,64
gpt2-medium,3,14,-0.69549215,0.33854371925880167,-0.7640971747805692,64
gpt2-medium,3,15,-0.499614,0.3075414382178208,-0.6473938504775671,64
gpt2-medium,4,0,-0.6012844,0.4008024077990959,-0.3136963238667091,64
gpt2-medium,4,1,-0.67230517,0.33006020866591357,-0.8329032264909383,64
gpt2-medium,4,2,-0.39021042,0.3893148087222001,-0.39649015016358163,64
gpt2-medium,4,3,-0.56076366,0.3139521428223314,-0.42331641198450065,64
gpt2-medium,4,4,-0.64551955,0.3156111754220107,-0.6601585025210149,64
gpt2-medium,4,5,-0.52419174,0.38304705147085516,-0.5382049934379259,64
gpt2-medium,4,6,-0.76851076,0.4315793637571664,-0.00876122079654972,64
gpt2-medium,4,7,-0.51085997,0.3628690181107357,-0.519022236798041,64
gpt2-medium,4,8,-0.56749666,0.4501256100062666,-0.11902492445914632,64
gpt2-medium,4,9,-0.71956384,0.3285253274029699,-0.5431396356330618,64
gpt2-medium,4,10,-0.5280694,0.41189689060737344,-0.025467198078758066,64
gpt2-medium,4,11,-0.66881394,0.31841053171404476,-0.8545690470139945,64
gpt2-medium,4,12,-0.4957127,0.39358975918128575,-0.6297200412026169,64
gpt2-medium,4,13,-0.8069936,0.2946146623841647,0.07121340156566366,64
gpt2-medium,4,14,-0.5729191,0.3315430900146221,-0.7412849196307195,64
gpt2-medium,4,15,-0.59713817,0.35260640649959957,-0.7841679312843377,64
gpt2-medium,5,0,-0.6675855,0.4237356751129545,-0.667639093777665,64
gpt2-medium,5,1,-0.6175144,0.3518572470237469,-0.654557749244117,64
gpt2-medium,5,2,-0.6611318,0.3156391813837249,-0.37616471640625443,64
gpt2-medium,5,3,-0.65782446,0.299166113652032,-0.5777321897506799,64
gpt2-medium,5,4,-0.59656006,0.3006917032702216,-0.5041978336643002,64
gpt2-medium,5,5,-0.47308734,0.44615900208210124,0.15120201999453492,64
gpt2-medium,5,6,-0.55435,0.3212136348773693,-0.5625054365152531,64
gpt2-medium,5,7,-0.58582,0.32037541424405985,-0.5947294969850934,64
gpt2-medium,5,8,-0.7872173,0.3157274604871355,-0.20744712686711006,64
gpt2-medium,5,9,-0.703792,0.2903183323555979,-0.6674977812549204,64
gpt2-medium,5,10,-0.6525185,0.3358331225041685,-0.4957702863531717,64
gpt2-medium,5,11,-0.81027126,0.3060523122549057,-0.14970883303628402,64
gpt2-medium,5,12,-0.43839952,0.4503806361864353,0.08349503853052008,64
gpt2-medium,5,13,-0.7234095,0.33588134625862387,-0.5962699713836616,64
gpt2-medium,5,14,-0.8254548,0.32417396019245015,-0.5256617164646364,64
gpt2-medium,5,15,-0.7791624,0.28123039983469866,-0.5532540982299663,64
gpt2-medium,6,0,-0.83721954,0.29236291708617373,-0.1442984249781526,64
gpt2-medium,6,1,-0.9000234,0.3001697474512561,-0.197301468614541,64
gpt2-medium,6,2,-0.87466705,0.3849959507070739,0.10677834093107164,64
gpt2-medium,6,3,-0.8162827,0.28809980431507376,-0.4147679837892078,64
gpt2-medium,6,4,-0.83794016,0.4317519325634529,0.16071079686704326,64
gpt2-medium,6,5,-0.6628303,0.32994465478535356,-0.5841245411498991,64
gpt2-medium,6,6,-0.69515246,0.30538580386803066,-0.46782800934776836,64
gpt2-medium,6,7,-0.775437,0.31411399974905213,-0.2484607691441772,64
gpt2-medium,6,8,-0.7927044,0.3269735600413947,-0.5755768840928877,64
gpt2-medium,6,9,-0.91606057,0.3879893072720232,0.10666465375994502,64
gpt2-medium,6,10,-0.8236097,0.3157487316378232,-0.7343195156325786,64
gpt2-medium,6,11,-0.8173195,0.3236322742083977,-0.3993756326411688,64
gpt2-medium,6,12,-0.5116896,0.42734535089854536,0.008238092703384778,64
gpt2-medium,6,13,-0.8785679,0.33877244386179695,-0.4100802707586552,64
gpt2-medium,6,14,-0.68595743,0.34749232181187334,-0.37006080983361533,64
gpt2-medium,6,15,-0.8973756,0.2773137611561808,-0.4653836858185669,64
gpt2-medium,7,0,-0.910549,0.2835909205264059,-0.2910722990956269,64
gpt2-medium,7,1,-0.82774496,0.28800206143280555,-0.8259688355704758,64
gpt2-medium,7,2,-0.927692,0.28186996075613746,-0.2850073279201437,64
gpt2-medium,7,3,-0.8111559,0.324210567207172,-0.2051875893788846,64
gpt2-medium,7,4,-0.81222576,0.34276312229962186,-0.4158102260589162,64
gpt2-medium,7,5,-0.7409108,0.33590056259056617,-0.2564208489713711,64
gpt2-medium,7,6,-0.70441383,0.3118090197957795,-0.8414839524081705,64
gpt2-medium,7,7,-0.6935954,0.33127167152947395,-0.5530083313545638,64
gpt2-medium,7,8,-0.75447994,0.35196528814989947,-0.17039042684107691,64
gpt2-medium,7,9,-0.70119566,0.3267594735170233,-0.7233537259664835,64
gpt2-medium,7,10,-0.887965,0.31358324762048395,-0.2671660625345381,64
gpt2-medium,7,11,-0.69515544,0.3374404501298378,-0.5012940807243527,64
gpt2-medium,7,12,-0.84205174,0.2994203171853361,-0.5811929100422808,64
gpt2-medium,7,13,-0.74816227,0.317220204863055,-0.16419829093360241,64
gpt2-medium,7,14,-0.67545265,0.32871299211321203,-0.6038441134485798,64
gpt2-medium,7,15,-0.83205426,0.3134215571757021,-0.2883980568247215,64
gpt2-medium,8,0,-0.8001016,0.3367312041849926,-0.5586610662101702,64
gpt2-medium,8,1,-0.7980172,0.30226007001153354,-0.4736726163296257,64
gpt2-medium,8,2,-0.71948564,0.3564655066564165,-0.5050901731195451,64
gpt2-medium,8,3,-0.7446109,0.30208208745923537,-0.7078036683381052,64
gpt2-medium,8,4,-0.8102473,0.3105158908613797,-0.5278189613224821,64
gpt2-medium,8,5,-0.69845253,0.32667964337200955,-0.4796379786476996,64
gpt2-medium,8,6,-0.55523443,0.3891386369179035,-0.6508647835571135,64
gpt2-medium,8,7,-0.75232136,0.34841468930244446,-0.7835609773747823,64
gpt2-medium,8,8,-0.83714163,0.36409993418331804,-0.6391580750999781,64
gpt2-medium,8,9,-0.44876632,0.43163051173604766,-0.048918572593161194,64
gpt2-medium,8,10,-0.7530845,0.36275717102248095,-0.4902774627607379,64
gpt2-medium,8,11,-0.8447514,0.36103065722975236,-0.24212121020277125,64
gpt2-medium,8,12,-0.6976591,0.3115033918413623,-0.6977504478929428,64
gpt2-medium,8,13,-0.72994304,0.3439714816109887,-0.39185498822271936,64
gpt2-medium,8,14,-0.6665711,0.3324414933549947,-0.4877398761057505,64
gpt2-medium,8,15,-0.8314828,0.3835060103186246,-0.6098323849933606,64
gpt2-medium,9,0,-0.67125404,0.3775070371298954,-0.5000635933484706,64
gpt2-medium,9,1,-0.83223444,0.27897548881070366,-0.2770350701000092,64
gpt2-medium,9,2,-0.83432454,0.29712775709300204,-0.36862949735945094,64
gpt2-medium,9,3,-0.76899594,0.3606716312211135,-0.35665939779304645,64
gpt2-medium,9,4,-0.8809746,0.2903543669601967,-0.4858933380026471,64
gpt2-medium,9,5,-0.80636,0.33810188338674346,-0.5037595124089431,64
gpt2-medium,9,6,-0.9046347,0.3750193900075452,-0.0007258411826202695,64
gpt2-medium,9,7,-0.6662294,0.3610832968662525,-0.5136064862326909,64
gpt2-medium,9,8,-0.65917575,0.351350212919301,-0.6782710481036168,64
gpt2-medium,9,9,-0.94816756,0.26544691057040776,-0.22907996964446262,64
gpt2-medium,9,10,-0.82300633,0.3272421108237628,-0.749657626860157,64
gpt2-medium,9,11,-0.7639231,0.32891453134602516,-0.591434770814988,64
gpt2-medium,9,12,-0.91939086,0.2949580139127271,-0.1807550639441554,64
gpt2-medium,9,13,-0.8566392,0.31728343819749766,-0.5539155905072847,64
gpt2-medium,9,14,-0.73991627,0.3620343896849402,-0.6042202471421557,64
gpt2-medium,9,15,-0.75067276,0.33888391328269035,-0.2307374387510455,64
gpt2-medium,10,0,-0.80581677,0.3298113685229729,-0.611991633116929,64
gpt2-medium,10,1,-0.86361974,0.3089634668210457,-0.04423953216947902,64
gpt2-medium,10,2,-0.6678699,0.3777990176759917,-0.49490629628770033,64
gpt2-medium,10,3,-0.78281796,0.31937255068071957,-0.4719727719703235,64
gpt2-medium,10,4,-0.6471977,0.3357556863077756,-0.6628259359353661,64
gpt2-medium,10,5,-0.7951136,0.3524649430965555,-0.2637742621295654,64
gpt2-medium,10,6,-0.85246766,0.309324800454337,-0.6808885688205527,64
gpt2-medium,10,7,-0.86307484,0.3009111896671098,-0.749385856691962,64
gpt2-medium,10,8,-0.930052,0.30060511621935615,-0.23060012743602298,64
gpt2-medium,10,9,-0.68935794,0.3973263296587714,-0.4338034026568009,64
gpt2-medium,10,10,-0.7950878,0.29069560560686836,-0.12217213505774889,64
gpt2-medium,10,11,-0.5780463,0.37025338154414605,-0.6508891599915246,64
gpt2-medium,10,12,-0.59315497,0.41297815894258433,-0.4037297004312502,64
gpt2-medium,10,13,-0.7191956,0.33439774040518133,-0.6369981883601015,64
gpt2-medium,10,14,-0.7766491,0.30881230995572845,-0.48342257855947024,64
gpt2-medium,10,15,-0.70823264,0.33460200500899345,-0.46809774281975336,64
gpt2-medium,11,0,-0.68908817,0.33220101070815117,-0.5140526232097368,64
gpt2-medium,11,1,-0.8945384,0.2971473752424635,-0.24934340672320254,64
gpt2-medium,11,2,-0.63329655,0.3834447727121156,-0.5550211322774335,64
gpt2-medium,11,3,-0.7683311,0.3534986222612447,-0.27842231955806224,64
gpt2-medium,11,4,-0.71661395,0.37496757815624104,-0.05266010352520011,64
gpt2-medium,11,5,-0.71445537,0.30590814608952094,-0.04204719432301165,64
gpt2-medium,11,6,-0.604993,0.4286148630339524,-0.25739596541275944,64
gpt2-medium,11,7,-0.6697416,0.3410075332584052,-0.4801006262795753,64
gpt2-medium,11,8,-0.69982177,0.3499597362403212,-0.4235129757624025,64
gpt2-medium,11,9,-0.8006993,0.3420314783680028,-0.49353028184072323,64
gpt2-medium,11,10,-0.7432335,0.3218442741139182,-0.6875156950985766,64
gpt2-medium,11,11,-0.7897584,0.3728662225706824,-0.1558613542991593,64
gpt2-medium,11,12,-0.79697394,0.32700777721816093,-0.3100812344766796,64
gpt2-medium,11,13,-0.5380669,0.4182418995890124,-0.704051797019001,64
gpt2-medium,11,14,-0.6343163,0.35876574495743063,-0.48695395581989875,64
gpt2-medium,11,15,-0.8899428,0.30306662670497236,-0.39951596406999335,64
gpt2-medium,12,0,-0.7341059,0.3698670545528675,-0.45687240010917496,64
gpt2-medium,12,1,-0.8251597,0.3023979941318775,-0.09989610240152674,64
gpt2-medium,12,2,-0.6271612,0.41231151387609283,-0.4744232740459602,64
gpt2-medium,12,3,-0.571225,0.3413668552349354,-0.3259584899731026,64
gpt2-medium,12,4,-0.8206831,0.33121637229261724,-0.5696710941895395,64
gpt2-medium,12,5,-0.7680704,0.341293560533688,-0.6501927189895684,64
gpt2-medium,12,6,-0.6996051,0.35081733146618155,-0.4854705810147923,64
gpt2-medium,12,7,-0.70159096,0.338546601862743,-0.5899896095189535,64
gpt2-medium,12,8,-0.7548736,0.33681648661350383,-0.11890646950970846,64
gpt2-medium,12,9,-0.6117285,0.3240166398985633,-0.6241293823626305,64
gpt2-medium,12,10,-0.821718,0.30601141524725944,-0.7810355524850932,64
gpt2-medium,12,11,-0.9037498,0.3072984866027174,-0.5027141339948757,64
gpt2-medium,12,12,-0.7660274,0.3585207539385763,-0.49833497956260575,64
gpt2-medium,12,13,-0.93637085,0.2894267429565561,-0.2616073825067304,64
gpt2-medium,12,14,-0.6561674,0.34864824804766426,-0.4187266374951436,64
gpt2-medium,12,15,-0.6095165,0.3278179240637812,-0.46774370539986093,64
gpt2-medium,13,0,-0.79647005,0.30243438585051174,-0.353319211846473,64
gpt2-medium,13,1,-0.8558747,0.36701940668040306,-0.5646149660447619,64
gpt2-medium,13,2,-0.61256933,0.4043523936436094,-0.49178356741204576,64
gpt2-medium,13,3,-0.4494773,0.3905752583824355,-0.4358400567879197,64
gpt2-medium,13,4,-0.5788528,0.39117842707140693,-0.40553289537081283,64
gpt2-medium,13,5,-0.7546606,0.3322751049337716,-0.2737800403023764,64
gpt2-medium,13,6,-0.8356019,0.32950477713140947,-0.48056933151106845,64
gpt2-medium,13,7,-0.8800873,0.31050272080405006,-0.5569737044787403,64
gpt2-medium,13,8,-0.5285286,0.3905116432699664,-0.6279347738826346,64
gpt2-medium,13,9,-0.6709596,0.36501116331281336,-0.4543031552663487,64
gpt2-medium,13,10,-0.76858157,0.3344330253272221,-0.4924543496729187,64
gpt2-medium,13,11,-0.7113512,0.34814976412674475,-0.5980189470703373,64
gpt2-medium,13,12,-0.6032114,0.3608425259590149,-0.28417202568639494,64
gpt2-medium,13,13,-0.7303988,0.3668443704473561,-0.11089966581686787,64
gpt2-medium,13,14,-0.6920459,0.3201335797022129,-0.16576216769067278,64
gpt2-medium,13,15,-0.87061846,0.34542371692328616,-0.5005545229859159,64
gpt2-medium,14,0,-0.6700251,0.3582581877708435,-0.09038905007457777,64
gpt2-medium,14,1,-0.74812204,0.33771645714496745,-0.25437621254077913,64
gpt2-medium,14,2,-0.91304237,0.2881041796043001,-0.014126581815886368,64
gpt2-medium,14,3,-0.79093105,0.33253482292438374,-0.5093090159633589,64
gpt2-medium,14,4,-0.7957754,0.3301145059281382,-0.020703586861890926,64
gpt2-medium,14,5,-0.7386704,0.346531992328578,-0.4175777340490382,64
gpt2-medium,14,6,-0.72645754,0.2993385601660301,-0.3734547484912439,64
gpt2-medium,14,7,-0.46469486,0.3571424715477845,-0.6521722665805189,64
gpt2-medium,14,8,-0.52099353,0.40836621666776723,-0.02727731043449201,64
gpt2-medium,14,9,-0.71101254,0.37315644169675893,-0.1986158110304624,64
gpt2-medium,14,10,-0.7363409,0.3029461312910606,-0.3645979647199874,64
gpt2-medium,14,11,-0.8003736,0.2942170937513483,-0.16931580647447025,64
gpt2-medium,14,12,-0.8330894,0.38107066627206476,-0.4262973146487192,64
gpt2-medium,14,13,-0.53997755,0.388405978679657,-0.19944472424306908,64
gpt2-medium,14,14,-0.573525,0.3602720694295291,-0.17927049663000477,64
gpt2-medium,14,15,-0.78920215,0.33728493698712053,-0.2675974114102995,64
gpt2-medium,15,0,-0.9210897,0.3142434476778425,-0.485686559579919,64
gpt2-medium,15,1,-0.50760174,0.39527342031741963,-0.19823708106476032,64
gpt2-medium,15,2,-0.7962392,0.3348674712509945,-0.47190183363587396,64
gpt2-medium,15,3,-0.5868465,0.39981698270501764,-0.31645300687879047,64
gpt2-medium,15,4,-0.7589381,0.3696802607898054,-0.30828699181057917,64
gpt2-medium,15,5,-0.4676062,0.4093587655445625,-0.5241098703094623,64
gpt2-medium,15,6,-0.7850805,0.32442437780314476,-0.6721878993341128,64
gpt2-medium,15,7,-0.5759538,0.3726355567060668,-0.4257426910201209,64
gpt2-medium,15,8,-0.45439088,0.38784488316239984,-0.5320634519017419,64
gpt2-medium,15,9,-0.6392956,0.40003756921866845,-0.1997859626041567,64
gpt2-medium,15,10,-0.8030494,0.3379995442669967,-0.010656808807329592,64
gpt2-medium,15,11,-0.72806,0.3369195322538244,-0.548945421007201,64
gpt2-medium,15,12,-0.8913303,0.3194237598057451,-0.2079084802553002,64
gpt2-medium,15,13,-0.60909235,0.36773923707419426,-0.42434236149882065,64
gpt2-medium,15,14,-0.46530512,0.3590667895201979,-0.5904224964377838,64
gpt2-medium,15,15,-0.67207235,0.35117476870273723,-0.14870326997850283,64
gpt2-medium,16,0,-0.71116644,0.3378697274060085,-0.3044980875954479,64
gpt2-medium,16,1,-0.88853544,0.3593407006099306,0.028605130166945582,64
gpt2-medium,16,2,-0.72691,0.34200593418088454,-0.23046877356415166,64
gpt2-medium,16,3,-0.8273805,0.31173917085959996,-0.3499722254670256,64
gpt2-medium,16,4,-0.76142,0.35668656538272725,-0.14522200178791267,64
gpt2-medium,16,5,-0.7360968,0.3351797014474869,-0.172569009886034,64
gpt2-medium,16,6,-0.8244044,0.2963588772148922,-0.5097616532945773,64
gpt2-medium,16,7,-0.6840774,0.37461169320961524,-0.41185815249592894,64
gpt2-medium,16,8,-0.7472274,0.32436039170314523,-0.26549460443117057,64
gpt2-medium,16,9,-0.76513755,0.30107573753800887,-0.4163361762226292,64
gpt2-medium,16,10,-0.46404678,0.39045051767908295,-0.48623570957611795,64
gpt2-medium,16,11,-0.8797574,0.2801797451644108,-0.4205736949765799,64
gpt2-medium,16,12,-0.6838195,0.3594034195973955,-0.3792680365511211,64
gpt2-medium,16,13,-0.6884335,0.34183763532802974,-0.24555898332225842,64
gpt2-medium,16,14,-0.76698357,0.3744962225700247,-0.2677965435290129,64
gpt2-medium,16,15,-0.5781052,0.4030771245216501,-0.04315237939067987,64
gpt2-medium,17,0,-0.80685407,0.3244558074351015,-0.2690845136550006,64
gpt2-medium,17,1,-0.79617584,0.30834420539181806,-0.4607667856357465,64
gpt2-medium,17,2,-0.7750371,0.3440310143191239,-0.17919090459149195,64
gpt2-medium,17,3,-0.7413874,0.3123581152537773,-0.5764556218121943,64
gpt2-medium,17,4,-0.8119615,0.3413626716054719,-0.3401326954093644,64
gpt2-medium,17,5,-0.7146922,0.32241038258733423,-0.296519296266785,64
gpt2-medium,17,6,-0.5661586,0.3771450725095025,-0.40461962920744676,64
gpt2-medium,17,7,-0.78308976,0.3188458943161471,0.11695269334002589,64
gpt2-medium,17,8,-0.85499346,0.28882637568588915,-0.2742470365158945,64
gpt2-medium,17,9,-0.7649623,0.3031976217853612,-0.42693391753440424,64
gpt2-medium,17,10,-0.625349,0.3912979682971691,-0.5374639115048409,64
gpt2-medium,17,11,-0.669734,0.3761843288766927,-0.5179726501025965,64
gpt2-medium,17,12,-0.56478804,0.37670567837254754,-0.3296018108700339,64
gpt2-medium,17,13,-0.6949308,0.32923496180567247,-0.28967450105921666,64
gpt2-medium,17,14,-0.68302315,0.33309534911451666,-0.4052622208620322,64
gpt2-medium,17,15,-0.45911327,0.42658197365958117,-0.384023445926013,64
gpt2-medium,18,0,-0.54573554,0.39915285644860105,-0.40585139739050385,64
gpt2-medium,18,1,-0.5790998,0.36422145674968587,-0.5013123989851707,64
gpt2-medium,18,2,-0.70735896,0.37400865965876084,-0.2621481207981597,64
gpt2-medium,18,3,-0.75278866,0.31115019629741536,0.062218186366072,64
gpt2-medium,18,4,-0.8109021,0.3307460258746969,-0.21326716097284418,64
gpt2-medium,18,5,-0.8355948,0.30769005726123677,-0.2717086945810809,64
gpt2-medium,18,6,-0.6739463,0.3551596171897033,-0.11918783267481256,64
gpt2-medium,18,7,-0.76680106,0.3075471438210586,-0.015063976962557367,64
gpt2-medium,18,8,-0.6610489,0.3844611978736417,0.0038466872519207318,64
gpt2-medium,18,9,-0.7827393,0.34641877741649235,-0.09944326721812057,64
gpt2-medium,18,10,-0.83888227,0.3205400838934142,-0.29950412690734124,64
gpt2-medium,18,11,-0.85139376,0.32387035982362156,-0.2085744747412688,64
gpt2-medium,18,12,-0.76189846,0.33441224077652243,-0.14858908593096537,64
gpt2-medium,18,13,-0.67053694,0.3428722250050512,-0.17795666299069102,64
gpt2-medium,18,14,-0.795437,0.3193720502072367,-0.10717343908196773,64
gpt2-medium,18,15,-0.68998235,0.3235132884362648,-0.45226200851374565,64
gpt2-medium,19,0,-0.38300893,0.4027204143589941,-0.21563690336911004,64
gpt2-medium,19,1,-0.4696633,0.37747538038368883,-0.17485920475213157,64
gpt2-medium,19,2,-0.8050573,0.34931573631434604,-0.11129414386995583,64
gpt2-medium,19,3,-0.86728466,0.2898309960447509,-0.07935934020121585,64
gpt2-medium,19,4,-0.6348888,0.34029708854083357,-0.4753695260842958,64
gpt2-medium,19,5,-0.6358508,0.34199313459725217,-0.4046989971471767,64
gpt2-medium,19,6,-0.65836436,0.3665531334178201,-0.4587678907356243,64
gpt2-medium,19,7,-0.70354664,0.3537663360094202,-0.187300335112491,64
gpt2-medium,19,8,-0.70517033,0.3378808369924282,-0.45899764862225995,64
gpt2-medium,19,9,-0.8198822,0.3255880906664092,0.04036544827975946,64
gpt2-medium,19,10,-0.6494008,0.3116762211610531,-0.4001530666478689,64
gpt2-medium,19,11,-0.8208649,0.3436409682035446,-0.21906054738234185,64
gpt2-medium,19,12,-0.63708156,0.36999653433931284,-0.06462792436573353,64
gpt2-medium,19,13,-0.8020454,0.3275784356840726,-0.07362613754821896,64
gpt2-medium,19,14,-0.7631455,0.32990156679317867,-0.26107668271970375,64
gpt2-medium,19,15,-0.56030077,0.3660570105602001,-0.40413315864068466,64
gpt2-medium,20,0,-0.5990554,0.3263123518434064,-0.39224610206398486,64
gpt2-medium,20,1,-0.691039,0.28589797739324896,-0.3819594504369083,64
gpt2-medium,20,2,-0.5975643,0.3652506573446866,-0.14920667429010653,64
gpt2-medium,20,3,-0.8465997,0.30324542368280477,-0.3196201933768299,64
gpt2-medium,20,4,-0.7734121,0.395632057354368,-0.061522524637108396,64
gpt2-medium,20,5,-0.7722159,0.31074752170464087,-0.22988473217457076,64
gpt2-medium,20,6,-0.6773523,0.3366441459491335,-0.633134512605762,64
gpt2-medium,20,7,-0.79508513,0.32412651489520894,-0.407478898109286,64
gpt2-medium,20,8,-0.68484133,0.3127173663213335,-0.4500441335369079,64
gpt2-medium,20,9,-0.7645201,0.3714580710591941,-0.3772793040335338,64
gpt2-medium,20,10,-0.6950316,0.34155582045686655,-0.3686510208625145,64
gpt2-medium,20,11,-0.5892642,0.33826850560204735,-0.44302673864295494,64
gpt2-medium,20,12,-0.6413776,0.38167504401042546,-0.48986920893873304,64
gpt2-medium,20,13,-0.7346143,0.32358704558734236,-0.42731988826299394,64
gpt2-medium,20,14,-0.7283285,0.3126566954727831,-0.25150929356349994,64
gpt2-medium,20,15,-0.64743286,0.34869301935722086,-0.3173741522787435,64
gpt2-medium,21,0,-0.6084785,0.33361320454498816,-0.3121593620126572,64
gpt2-medium,21,1,-0.57916504,0.3528762475169938,-0.5690214727073987,64
gpt2-medium,21,2,-0.71309996,0.31385841503225526,-0.44777260126660784,64
gpt2-medium,21,3,-0.80014867,0.3144263506963335,0.07917417367925106,64
gpt2-medium,21,4,-0.812729,0.3814837521520154,0.052203159937356906,64
gpt2-medium,21,5,-0.7984362,0.3827259776921108,-0.3353723008176043,64
gpt2-medium,21,6,-0.68816936,0.36327727858362524,-0.3880668146245415,64
gpt2-medium,21,7,-0.6956174,0.33501966554543067,-0.47152070947802804,64
gpt2-medium,21,8,-0.7844502,0.3141809331959692,-0.1371482637670416,64
gpt2-medium,21,9,-0.66176695,0.3645304390068712,-0.32856887910113886,64
gpt2-medium,21,10,-0.6007191,0.4066192456360521,-0.2148324975836939,64
gpt2-medium,21,11,-0.8900805,0.34233614185760763,-0.27673393819750347,64
gpt2-medium,21,12,-0.67914695,0.3485698864377778,-0.3481320546333022,64
gpt2-medium,21,13,-0.5525609,0.3277386277914047,-0.4627571461671217,64
gpt2-medium,21,14,-0.69636387,0.3433174429268673,-0.22873267043452733,64
gpt2-medium,21,15,-0.6934184,0.3302030111181325,-0.38904659821463455,64
gpt2-medium,22,0,-0.7366126,0.32386267082444553,-0.5746322454333308,64
gpt2-medium,22,1,-0.5898695,0.32614191236167117,-0.3284165836545024,64
gpt2-medium,22,2,-0.65863365,0.49753151679861135,-0.16648673518352905,64
gpt2-medium,22,3,-0.4020482,0.4152010504541726,0.04588767023798559,64
gpt2-medium,22,4,-0.56876314,0.33459691292253035,-0.5420578998587423,64
gpt2-medium,22,5,-0.646627,0.42443510067873985,0.17337291885587947,64
gpt2-medium,22,6,-0.5405042,0.32341448603005246,-0.4463899450402716,64
gpt2-medium,22,7,-0.64034885,0.3403884192992901,-0.3778154779958249,64
gpt2-medium,22,8,-0.606769,0.33573051362202083,-0.5568794965133007,64
gpt2-medium,22,9,-0.65148526,0.34744710089831515,-0.504585235459917,64
gpt2-medium,22,10,-0.6053953,0.32055835374470415,-0.38234581501474857,64
gpt2-medium,22,11,-0.7714005,0.30388076192346114,-0.587479597806674,64
gpt2-medium,22,12,-0.6146714,0.316953903642194,-0.3397481245903651,64
gpt2-medium,22,13,-0.81008387,0.4138389250327801,-0.20734955152510762,64
gpt2-medium,22,14,-0.5323042,0.4679772237251545,0.37180076172197024,64
gpt2-medium,22,15,-0.57127666,0.36028750497719336,-0.4457848986231521,64
gpt2-medium,23,0,-0.47232488,0.3918966969539379,-0.4501863747660664,64
gpt2-medium,23,1,-0.8455917,0.3390627046083582,-0.34382080627440864,64
gpt2-medium,23,2,-0.38085976,0.4185545115635313,-0.5150564791526777,64
gpt2-medium,23,3,-0.5391942,0.422174195791113,-0.022111909538941273,64
gpt2-medium,23,4,-0.26496685,0.7522910031779059,0.45325990276014194,64
gpt2-medium,23,5,-0.40836832,0.5452160917479416,-0.7368147341169666,64
gpt2-medium,23,6,-0.2763083,0.4625311966600089,-0.8468248950120354,64
gpt2-medium,23,7,-0.57033205,0.4497342222723468,-0.34863435871352644,64
gpt2-medium,23,8,-0.5380963,0.33618100963789843,-0.6006078266030905,64
gpt2-medium,23,9,-0.7711179,0.31039753659018154,-0.42141544520930785,64
gpt2-medium,23,10,-0.7318601,0.3742181001038387,-0.09795110655543636,64
gpt2-medium,23,11,-0.630456,0.3402075469493866,-0.7945520794234459,64
gpt2-medium,23,12,-0.47472036,0.3778200961392501,-0.34464155017690074,64
gpt2-medium,23,13,-0.6167629,0.388552647212456,-0.29471974032176196,64
gpt2-medium,23,14,-0.50314826,0.42108861947881765,-0.1894620105810693,64
gpt2-medium,23,15,-0.6651137,0.5663209033423456,0.3512511830502581,64
