domain,layer,head,rA,mean_conc
repeat,0,0,0.2892494451208262,0.9702801470245633
repeat,0,1,-0.284377200698412,0.9572491645812988
repeat,0,2,0.3505323942283216,0.9608283851827893
repeat,0,3,-0.45285631019619527,0.9292806599821363
repeat,0,4,-0.01510413096616747,0.9714112962995257
repeat,0,5,0.026528905807149148,0.8948239918266024
repeat,0,6,-0.501133702952581,0.9597284027508327
repeat,0,7,-0.2202719503158047,0.9164836215121406
repeat,0,8,-0.23069664473642462,0.851765724165099
repeat,0,9,0.22361528369432535,0.8985124145235334
repeat,0,10,0.22348043016345773,0.8573554498808724
repeat,0,11,0.25044557493086755,0.7569349152701241
repeat,1,0,-0.28050829332311195,0.8824776751654488
repeat,1,1,0.06393436803102255,0.9569085900272641
repeat,1,2,-0.23344870709558443,0.8369814774819783
repeat,1,3,-0.6147955238670405,0.9533077840294156
repeat,1,4,0.13627379712906432,0.8952621051243373
repeat,1,5,0.16860053240355635,0.7767329386302403
repeat,1,6,-0.16207098736470876,0.5700846314430237
repeat,1,7,-0.059654794878391634,0.7080607052360263
repeat,1,8,0.22899894541136184,0.62803351772683
repeat,1,9,0.08548585055132041,0.724608206323215
repeat,1,10,-0.2856353200116046,0.9525244746889386
repeat,1,11,-0.08159573099491554,0.8835962393454143
repeat,2,0,0.039351427874781804,0.948439148919923
repeat,2,1,-0.8390069592392329,0.7196664001260485
repeat,2,2,-0.3254721195618865,0.8889266444104058
repeat,2,3,-0.2672879637424648,0.8836195788213185
repeat,2,4,-0.3030110869855364,0.7920874782970974
repeat,2,5,-0.1542193916007717,0.9066156617232731
repeat,2,6,-0.23328509375139214,0.8861381177391324
repeat,2,7,-0.25001319826896695,0.8482948882239205
repeat,2,8,-0.13550299050976122,0.8871203086205891
repeat,2,9,-0.2912908969520376,0.9002102272851127
repeat,2,10,-0.002482030722739391,0.9104262739419937
repeat,2,11,-0.5814253093604792,0.9213138818740845
repeat,3,0,-0.39270816148924453,0.7691179364919662
repeat,3,1,-0.307365151812869,0.8353991061449051
repeat,3,2,-0.38028084217022645,0.8368765807577542
repeat,3,3,-0.39134259026758633,0.8576985342161996
repeat,3,4,-0.37452034997419603,0.7587508346353259
repeat,3,5,-0.9029862293425549,0.6037674077919551
repeat,3,6,-0.3864181566876685,0.8575384425265449
repeat,3,7,-0.40550651745437666,0.8320903905800411
repeat,3,8,-0.14488294651495506,0.9423910954168865
repeat,3,9,-0.36483235770125827,0.8962887482983726
repeat,3,10,-0.08575231719380855,0.834414290530341
repeat,3,11,-0.8869625886872228,0.9168985571180072
repeat,4,0,-0.9071564743973586,0.7571881551827703
repeat,4,1,-0.08848169347040942,0.8432661869696209
repeat,4,2,-0.8381444276502935,0.6907067831073489
repeat,4,3,-0.19320269296279682,0.7565585566418511
repeat,4,4,-0.216241238131912,0.8281369145427432
repeat,4,5,-0.9922873269471829,0.797169277710574
repeat,4,6,-0.3466726719734014,0.8103964158466884
repeat,4,7,-0.1278891354459269,0.8046906547886985
repeat,4,8,-0.8963005373280158,0.6572439840861729
repeat,4,9,-0.6098307923080266,0.7842959229435239
repeat,4,10,-0.9376061955692553,0.7726132263030324
repeat,4,11,-0.31867989254707085,0.8300391925232751
repeat,5,0,-0.14939617705646896,0.8219572390828814
repeat,5,1,-0.15374175082134464,0.8998450253690992
repeat,5,2,-0.06754236626367867,0.7347624174186161
repeat,5,3,0.009795656323476907,0.6729715104613986
repeat,5,4,-0.24850119083440736,0.7540728726557323
repeat,5,5,-0.04375949748596885,0.6830494574138096
repeat,5,6,0.020280381050219218,0.8766272813081741
repeat,5,7,-0.9450533513566087,0.7792419067450932
repeat,5,8,-0.11764671741053666,0.8235732795936721
repeat,5,9,-0.4909875780715113,0.6077571702854974
repeat,5,10,-0.7633730844661881,0.6279557006699699
repeat,5,11,-0.07179193606605161,0.7843975658927645
repeat,6,0,-0.6473771138531618,0.7570490432637078
repeat,6,1,-0.5666971089130471,0.7058646934373038
repeat,6,2,-0.9015404165203699,0.6393742242029735
repeat,6,3,-0.8580527454411394,0.7364014110394886
repeat,6,4,-0.7807895320787449,0.8078452561582837
repeat,6,5,-0.4835346811245154,0.7827444821596146
repeat,6,6,-0.10934349734329118,0.6758033271346774
repeat,6,7,-0.3994224475002184,0.7471884872232165
repeat,6,8,-0.28777320754549457,0.790645960186209
repeat,6,9,-0.21565978189093954,0.8117991941315787
repeat,6,10,-0.9105925745966676,0.766892002097198
repeat,6,11,-0.832330271694886,0.7856930387871606
repeat,7,0,-0.2775295291986694,0.817440750343459
repeat,7,1,-0.7379509544785049,0.7599234549062592
repeat,7,2,-0.08489429346083661,0.8135866544076374
repeat,7,3,-0.5101446536741145,0.7770240668739591
repeat,7,4,-0.8026399327294274,0.5822897957903999
repeat,7,5,-0.9602557862473864,0.7589219978877476
repeat,7,6,-0.5107147860434139,0.716578062091555
repeat,7,7,-0.22149314619915023,0.6608687830822808
repeat,7,8,-0.7886435103872136,0.8282763894115176
repeat,7,9,-0.8572544775083241,0.7490826270409993
repeat,7,10,-0.08646497178708258,0.7395561018160411
repeat,7,11,-0.1879687802226156,0.773884409240314
repeat,8,0,-0.9663428019550847,0.6416936240025929
repeat,8,1,-0.2924231519390358,0.8672352113894054
repeat,8,2,-0.7603381012523351,0.7185288220643997
repeat,8,3,-0.7492285506819878,0.5857839392764228
repeat,8,4,-0.8503499645265887,0.7883741578885487
repeat,8,5,-0.806502068513293,0.8345769494771957
repeat,8,6,-0.462624743938092,0.7112217758383069
repeat,8,7,-0.36573581957170764,0.8020159155130386
repeat,8,8,-0.6699123220977526,0.5866822579077312
repeat,8,9,-0.711804036611754,0.6105507399354663
repeat,8,10,-0.5934323744084713,0.8113640717097691
repeat,8,11,-0.817758292617341,0.5281317170177188
repeat,9,0,-0.9331666235872725,0.6689822652510234
repeat,9,1,-0.3041609536181398,0.6580887192061969
repeat,9,2,-0.865580382567829,0.6713499192680631
repeat,9,3,-0.8596448132449884,0.6794687509536743
repeat,9,4,-0.8049971947969574,0.728847895349775
repeat,9,5,-0.8041235324454714,0.7812322271721703
repeat,9,6,-0.9141382695410287,0.6066833479063851
repeat,9,7,-0.8254200638695275,0.6798173210450581
repeat,9,8,-0.9734572055168536,0.6629215776920319
repeat,9,9,-0.6888374124741777,0.6619070832218442
repeat,9,10,-0.8979491371710223,0.8268417375428336
repeat,9,11,-0.4866913738266855,0.8085305563041142
repeat,10,0,-0.920294332830049,0.6282730145113808
repeat,10,1,-0.9568166386591453,0.5255351364612579
repeat,10,2,-0.9946824045271188,0.5398044032709939
repeat,10,3,-0.7663536921483164,0.6639450341463089
repeat,10,4,-0.8583192689716166,0.6090296038559505
repeat,10,5,-0.6702828727819564,0.8267148200954709
repeat,10,6,-0.9607532622296139,0.5914540141820908
repeat,10,7,-0.5025734737623664,0.5705151898520333
repeat,10,8,-0.08225212547970062,0.7249540963343212
repeat,10,9,-0.9008629475464762,0.8247408419847488
repeat,10,10,-0.8592579662833828,0.5948110925299781
repeat,10,11,-0.8235243086589465,0.7322510715041842
repeat,11,0,-0.015196285767283485,0.7504865207842418
repeat,11,1,-0.9160110011310204,0.5856633718524661
repeat,11,2,-0.9314781110937976,0.5504305107252938
repeat,11,3,-0.6641989167862666,0.6660831272602081
repeat,11,4,-0.9623674690602247,0.5846483153956277
repeat,11,5,-0.5488980718956115,0.5169352729405675
repeat,11,6,-0.858263122483795,0.6250321460621697
repeat,11,7,-0.6843037586892723,0.6281440513474601
repeat,11,8,-0.2277078729455932,0.8381968651499067
repeat,11,9,-0.9841945820658494,0.592607496040208
repeat,11,10,-0.44826374751683956,0.7138548535960061
repeat,11,11,-0.09883715659789885,0.658834131700652
single,0,0,-0.18772832136485046,0.42062990967598224
single,0,1,-0.48226457543517,0.5988095456527339
single,0,2,-0.1373665286548604,0.5037222260402309
single,0,3,-0.43021617932192135,0.4721461521047685
single,0,4,-0.2713537589085466,0.4815866618106763
single,0,5,-0.41615895886792437,0.586190591669745
single,0,6,-0.15143375583541513,0.3819761545293861
single,0,7,-0.20280064420579688,0.39151684122367036
single,0,8,-0.15855491329310373,0.43369088673757183
single,0,9,-0.18498826890931636,0.4354254381938113
single,0,10,-0.23757264543385867,0.5192795333762964
single,0,11,-0.14248198806190684,0.3330877736831705
single,1,0,-0.2185536000654838,0.3604333285863201
single,1,1,-0.2040757060078049,0.3878533829831415
single,1,2,-0.43312718264446487,0.36182230948987937
single,1,3,-0.24033677630052264,0.48395028296444154
single,1,4,-0.21680461440855625,0.37282528686854577
single,1,5,-0.3798212368478011,0.527821033882598
single,1,6,-0.2409809922701199,0.4569453153138359
single,1,7,-0.312174211664445,0.3039624210860994
single,1,8,-0.29565533682676715,0.338351600492994
single,1,9,-0.10307523891482498,0.3175689538733827
single,1,10,-0.34847197974617383,0.42617070198886925
single,1,11,-0.3159433281418954,0.7061231225315068
single,2,0,-0.19657756136315258,0.3832398812390036
single,2,1,-0.3613611253400786,0.3282381063327193
single,2,2,-0.2563957166917075,0.41896553089221317
single,2,3,-0.20576248019191437,0.35784438790546524
single,2,4,-0.28940236356522375,0.4116577263921499
single,2,5,-0.23782592610321462,0.3622449924134546
single,2,6,-0.17286141855358025,0.443105202789108
single,2,7,-0.2386982781877331,0.38378759752959013
single,2,8,-0.2915962743321549,0.34972576331347227
single,2,9,-0.2981644993343053,0.4059643838554621
single,2,10,-0.2988307340196665,0.4320465384258164
single,2,11,-0.3635481388551826,0.3752562217414379
single,3,0,-0.4098886446364772,0.4693751930155688
single,3,1,-0.35912094906306447,0.3721859201581942
single,3,2,-0.32521698948602185,0.3759763797538148
single,3,3,-0.30551801832197084,0.4121555162386762
single,3,4,-0.49716544585794303,0.340887901890609
single,3,5,-0.4307082885062781,0.34270848654624486
single,3,6,-0.2946101118943028,0.38688516554733116
single,3,7,-0.3252052135379053,0.3685417366731498
single,3,8,-0.30385628998598635,0.3441494202448262
single,3,9,-0.2654808747753104,0.39552589588695103
single,3,10,-0.40222565092282997,0.3565867757424712
single,3,11,-0.34271976893624173,0.3476072567411595
single,4,0,-0.3917829166288219,0.36208438211017185
single,4,1,-0.330970704409232,0.3292678827419877
single,4,2,-0.40970632483541725,0.31997689097705817
single,4,3,-0.4969326321864448,0.366471488132245
single,4,4,-0.37875531924103056,0.4820961686265137
single,4,5,-0.4832600683057449,0.3282119692820642
single,4,6,-0.44011983699632956,0.3710502360223068
single,4,7,-0.41113814314100916,0.414324015378952
single,4,8,-0.5715626920826027,0.3592180081953605
single,4,9,-0.5131553080140652,0.36245345800287193
single,4,10,-0.5387018481117006,0.4226905713892645
single,4,11,-0.4337587203492412,0.40888535355528194
single,5,0,-0.4859892978540372,0.41641023351500434
single,5,1,-0.4496424479815713,0.3760736536027657
single,5,2,-0.4806176098984351,0.33777663566999966
single,5,3,-0.35856855241854846,0.35425337838629883
single,5,4,-0.42273030277271495,0.3456238985268606
single,5,5,-0.4802314902235452,0.38073280784818864
single,5,6,-0.3815385776596848,0.38571576722380185
single,5,7,-0.5895323845630831,0.30507600493729115
single,5,8,-0.5720090382680519,0.3883625956045257
single,5,9,-0.5958859057310394,0.30433590803295374
single,5,10,-0.4056513685404411,0.3271418788159887
single,5,11,-0.36476917341287474,0.4020560652845436
single,6,0,-0.4562809700192182,0.36065748354627025
single,6,1,-0.6308277921904734,0.33802808862593436
single,6,2,-0.5666275524922513,0.293744284245703
single,6,3,-0.5579707248434068,0.32837334502902293
single,6,4,-0.39696245819896814,0.3286076016310189
single,6,5,-0.6066990845410801,0.3225858129767908
single,6,6,-0.43297841810152365,0.334644536798199
single,6,7,-0.4804120496382567,0.3355452862257759
single,6,8,-0.4598147564879003,0.36957432536615265
single,6,9,-0.4589736156674622,0.4280825558428963
single,6,10,-0.5777289214737192,0.3902408674152361
single,6,11,-0.4527879079648713,0.31534249966757166
single,7,0,-0.4205711835015472,0.35593634968002635
single,7,1,-0.5671911099291946,0.30792560231768423
single,7,2,-0.5677082789039158,0.40721227373513913
single,7,3,-0.5724799180174518,0.35498213736961287
single,7,4,-0.5835725054859046,0.30554229072812533
single,7,5,-0.5056452972090086,0.3050452367299133
single,7,6,-0.5729679855302534,0.3093344545405772
single,7,7,-0.6580598355062686,0.3439362805543674
single,7,8,-0.47570612044584043,0.345499024933411
single,7,9,-0.6348978044354073,0.317370295835038
single,7,10,-0.40782036730591553,0.42011056147101855
single,7,11,-0.49885072608304193,0.4283644903658165
single,8,0,-0.5356774885740604,0.39341368226127493
single,8,1,-0.5056527515627591,0.3943483472491304
single,8,2,-0.43410853188069837,0.42142321603993577
single,8,3,-0.49379867292313406,0.3090382277344664
single,8,4,-0.5031936395240345,0.3057966429947151
single,8,5,-0.41180504716284616,0.34401571440200013
single,8,6,-0.5860436207901168,0.3319089916638202
single,8,7,-0.4174990395607445,0.35689720583872664
single,8,8,-0.4025546623098427,0.36831722408533096
single,8,9,-0.5817092196787711,0.3165445571972264
single,8,10,-0.489863005126575,0.3667132915515039
single,8,11,-0.4809224246638974,0.38678138320230776
single,9,0,-0.5621679377262094,0.29281828304131824
single,9,1,-0.5142108093331331,0.30820953380316496
single,9,2,-0.5621800432118846,0.31124140115247834
single,9,3,-0.4600877846640613,0.36165778721786207
single,9,4,-0.49276040070957744,0.3422720530587766
single,9,5,-0.49131975541993894,0.34631795425795847
single,9,6,-0.5148954294907983,0.3559383836885293
single,9,7,-0.5508328329975334,0.29727006713963217
single,9,8,-0.522170928683018,0.3363222101082404
single,9,9,-0.5133345643690355,0.3696196316224005
single,9,10,-0.5281419719503054,0.3505801957928472
single,9,11,-0.42532693338547745,0.46514063566509223
single,10,0,-0.4774105353747681,0.40784434674100745
single,10,1,-0.5065883548269698,0.3184639477274484
single,10,2,-0.42176130554589575,0.3881826594264971
single,10,3,-0.4051203994896606,0.37411448266357183
single,10,4,-0.46400366882811256,0.35185784256706637
single,10,5,-0.470775673583609,0.3440865045413375
single,10,6,-0.5454656384353922,0.2975106345903542
single,10,7,-0.3536946843974732,0.4352306205158432
single,10,8,-0.5599097478597027,0.32218094790975255
single,10,9,-0.4329804873471927,0.3381836517817444
single,10,10,-0.5260942050107944,0.4209031485435035
single,10,11,-0.4299111215873304,0.3444971407039298
single,11,0,-0.326897061969169,0.3825863317276041
single,11,1,-0.40888309124167665,0.36231821878916687
single,11,2,-0.4291277696297814,0.3925630148086283
single,11,3,-0.44190762191369776,0.28451638917128247
single,11,4,-0.37678800691709163,0.4166384916752577
single,11,5,-0.47945461128624245,0.3431604059620036
single,11,6,-0.49281425082293684,0.3325986597273085
single,11,7,-0.47405080986450104,0.3453700898422135
single,11,8,-0.22250685568562165,0.47421031031343674
single,11,9,-0.467322860130884,0.32755896273172563
single,11,10,-0.3864540011812836,0.4178352369409468
single,11,11,-0.21804169883774152,0.5166523684230115
double,0,0,-0.3148514112269496,0.29919997273489485
double,0,1,-0.6761553747511055,0.3257736459720966
double,0,2,-0.28747342077001553,0.44686906386253444
double,0,3,-0.5696035941041725,0.30839610688908153
double,0,4,-0.4288699629047834,0.31774365087581236
double,0,5,-0.5527791393249942,0.34483482307472896
double,0,6,-0.18360614805001788,0.2648293620278669
double,0,7,-0.3273234190218883,0.2946665619694909
double,0,8,-0.3565844590432667,0.4317999716068423
double,0,9,-0.3363887886904653,0.44088423841221386
double,0,10,-0.3076565209435756,0.46842414279316746
double,0,11,-0.23658505788431078,0.3366209192331447
double,1,0,-0.308917943378217,0.2966857185197431
double,1,1,-0.37421933814759706,0.2733477710984474
double,1,2,-0.4569691850142673,0.29474276200283406
double,1,3,-0.595538511255248,0.531990245677704
double,1,4,-0.26366271996462365,0.29132078414739565
double,1,5,-0.4119741899805783,0.3845886854931366
double,1,6,-0.2567812473275087,0.36954630010349804
double,1,7,-0.29604915209201904,0.32986901388611906
double,1,8,-0.34107432270868454,0.3476697055752887
double,1,9,-0.37487167487618467,0.3405208644825359
double,1,10,-0.3581463228301495,0.31074642234070354
double,1,11,-0.3080532871678036,0.7285233836534412
double,2,0,-0.3268960400904134,0.3494211424921834
double,2,1,-0.26482326789181887,0.38242723671502843
double,2,2,-0.38747019818123085,0.303632564322893
double,2,3,-0.4491786718149245,0.2757062281286994
double,2,4,-0.32487849596271345,0.3770003925229228
double,2,5,-0.4188242646754104,0.3037324403954107
double,2,6,-0.42329360740974986,0.3752530903317208
double,2,7,-0.24901564854038685,0.3118422310366187
double,2,8,-0.4046432808901587,0.3097438143436299
double,2,9,-0.47973886580622216,0.3380365385565647
double,2,10,-0.4514199827998803,0.32054019875304646
double,2,11,-0.5677084222416873,0.34345223113547924
double,3,0,-0.5351283712912764,0.5158815262622611
double,3,1,-0.4777090700294243,0.2987120872320131
double,3,2,-0.5623296242842257,0.2572779076737027
double,3,3,-0.40069339752349364,0.30623076700193935
double,3,4,-0.5754840635670732,0.37562839392312736
double,3,5,-0.48528691924586304,0.3137948026144227
double,3,6,-0.4784960122926623,0.3076017909618311
double,3,7,-0.5145842788961396,0.30511000509871994
double,3,8,-0.4211061002014838,0.3280005578038304
double,3,9,-0.4374389034924013,0.3153887009897897
double,3,10,-0.5968898870706552,0.28795238722895466
double,3,11,-0.5382418730881222,0.3152169573099114
double,4,0,-0.46403694083186425,0.2886603015453316
double,4,1,-0.48174474927123745,0.29296969882277557
double,4,2,-0.40017199197902975,0.3596702197263407
double,4,3,-0.5071375263952425,0.2933228572094163
double,4,4,-0.574570030319956,0.3707803666245106
double,4,5,-0.5674644350441612,0.26688297231530034
double,4,6,-0.5849308616268502,0.3089740428813668
double,4,7,-0.5023675425754446,0.31802610585162805
double,4,8,-0.5770337049590522,0.2969839004583137
double,4,9,-0.5033340218779213,0.2952412309688191
double,4,10,-0.5076354387437366,0.35339022081258686
double,4,11,-0.6777414155174183,0.2979811225519624
double,5,0,-0.696308991504335,0.2897145729078803
double,5,1,-0.7766204979570752,0.27173323426828827
double,5,2,-0.6864316302730655,0.2644293057017548
double,5,3,-0.48066108083971243,0.3174316403131152
double,5,4,-0.5788055660764124,0.2652610833215159
double,5,5,-0.7058731209638618,0.2890177329265794
double,5,6,-0.664292556774218,0.27405275802972706
double,5,7,-0.6078726550179699,0.3027281094082566
double,5,8,-0.686319785816913,0.26412431306617207
double,5,9,-0.7687499868965201,0.29254228049932524
double,5,10,-0.4347257380769288,0.35654526758332583
double,5,11,-0.3395087523759291,0.3835887818835502
double,6,0,-0.6106055708543832,0.30398571196683616
double,6,1,-0.7079455127625783,0.26103566483009694
double,6,2,-0.5100190752662603,0.33725363535936487
double,6,3,-0.6010783881502296,0.2995734873206116
double,6,4,-0.42405279605498336,0.3305679006978523
double,6,5,-0.6354491272608148,0.29656964003346686
double,6,6,-0.5869863704216101,0.3108576366374659
double,6,7,-0.5323539778886985,0.32101696192525153
double,6,8,-0.637667102968125,0.27059063055487564
double,6,9,-0.7187817496565387,0.27878814277260805
double,6,10,-0.544583431473751,0.3094061048224915
double,6,11,-0.6250382161098604,0.2895400683547175
double,7,0,-0.6754725017948229,0.2832481628933618
double,7,1,-0.5391587161212176,0.31957744685716405
double,7,2,-0.7565323277978436,0.2636577549368836
double,7,3,-0.61707063006217,0.3298234698730846
double,7,4,-0.6672556938107138,0.2866961559237436
double,7,5,-0.4980714157470702,0.3240253391653992
double,7,6,-0.6666184222594547,0.3037774687589601
double,7,7,-0.6212081557257662,0.3049611381666605
double,7,8,-0.4571365668478625,0.3384628462236981
double,7,9,-0.5331953162214396,0.3050687708133875
double,7,10,-0.6459459347374644,0.2629625066075214
double,7,11,-0.7185926154608584,0.3008239338564318
double,8,0,-0.5801095094258467,0.3328113885119904
double,8,1,-0.6646382580828183,0.269144332166328
double,8,2,-0.45954060159408605,0.31043447398169094
double,8,3,-0.5882812503084794,0.34596428933531737
double,8,4,-0.5354307076453216,0.2934726176913394
double,8,5,-0.5634161197108508,0.3018914646534033
double,8,6,-0.478323810253886,0.325786589016748
double,8,7,-0.5471178956092005,0.29501897113960845
double,8,8,-0.343961229104674,0.3331890180706978
double,8,9,-0.5622526666538689,0.3147771387945774
double,8,10,-0.5278034369665596,0.33513420733601545
double,8,11,-0.3933833483291288,0.3263787918312605
double,9,0,-0.46462719276928977,0.34803301841020584
double,9,1,-0.4020946101466808,0.3003967614021412
double,9,2,-0.4507495248450225,0.31361364954432774
double,9,3,-0.5370882272230437,0.3375234548435655
double,9,4,-0.6676455161019432,0.3423237634259601
double,9,5,-0.5728554183285821,0.36156783686127775
double,9,6,-0.5186625144251514,0.29432446804157525
double,9,7,-0.5239322528432994,0.321024727336196
double,9,8,-0.6009449469059792,0.31139246443676394
double,9,9,-0.4386013116482876,0.29723787186450734
double,9,10,-0.6054005355061555,0.28817905676226285
double,9,11,-0.5169104333614114,0.35836580551640934
double,10,0,-0.37462151057426657,0.31413638799689536
double,10,1,-0.3639379310700304,0.28570708199295886
double,10,2,-0.3941694675074821,0.30176501617182133
double,10,3,-0.45055860890362615,0.3127773095702016
double,10,4,-0.4250484431691213,0.3240125515433245
double,10,5,-0.614348941900235,0.29050623226997463
double,10,6,-0.39504923766167316,0.29009568621945936
double,10,7,-0.3972401362750946,0.3447149281584939
double,10,8,-0.6513122701324332,0.28929752769858336
double,10,9,-0.4650412475320237,0.29509928579940353
double,10,10,-0.4830489824235667,0.2946565114828043
double,10,11,-0.4291856898098424,0.3459718859819479
double,11,0,-0.3855901061895329,0.32043772121501524
double,11,1,-0.5569029976353356,0.3016994008144667
double,11,2,-0.42143154163812735,0.3033979169504587
double,11,3,-0.4992742141479349,0.3824983367393183
double,11,4,-0.41154371444846405,0.2931306350023247
double,11,5,-0.4843340798171193,0.30559268403191897
double,11,6,-0.5293531074415564,0.27828034498663834
double,11,7,-0.5034496785656437,0.29805402093848515
double,11,8,-0.15964490493967082,0.45653935383225597
double,11,9,-0.4094369797386573,0.2754238696638928
double,11,10,-0.39629620006839855,0.3289385824355968
double,11,11,-0.402791419970295,0.3871295427860216
multi,0,0,-0.2462736509665109,0.2614045025943552
multi,0,1,-0.669661521181215,0.30885648409139765
multi,0,2,-0.23942639164352933,0.38938308268496136
multi,0,3,-0.5299733191877068,0.2800890425744566
multi,0,4,-0.38035693301493545,0.2953602712131241
multi,0,5,-0.4955764339152957,0.34938554899785124
multi,0,6,-0.11884513086102133,0.24654367869918786
multi,0,7,-0.3081988251980379,0.2726661030528615
multi,0,8,-0.30890786288251654,0.3957619552762763
multi,0,9,-0.3059245406047968,0.3976853473961932
multi,0,10,-0.2790791084449051,0.4117413044554516
multi,0,11,-0.15144053661218282,0.36089934640139054
multi,1,0,-0.30465916048608255,0.2716744356942408
multi,1,1,-0.2768811811783503,0.2915464357554334
multi,1,2,-0.45348503506985477,0.2693229782060512
multi,1,3,-0.4593719249204194,0.501427587953586
multi,1,4,-0.24767830757209608,0.3075815052951424
multi,1,5,-0.3905505829429838,0.3448893986280682
multi,1,6,-0.18221311113049043,0.2946926556455279
multi,1,7,-0.18632448300944043,0.2996131686620342
multi,1,8,-0.2961990216525577,0.32515804021103867
multi,1,9,-0.3699253052546819,0.308677645273579
multi,1,10,-0.3205591189587762,0.39468138932603075
multi,1,11,-0.2958470960876479,0.719300587200424
multi,2,0,-0.32200878425570895,0.33080597149515617
multi,2,1,-0.1507039098301408,0.3042727428153881
multi,2,2,-0.3524072611455925,0.29049104206191684
multi,2,3,-0.36480671530060443,0.28473380019942535
multi,2,4,-0.28295937599326754,0.36726921579791505
multi,2,5,-0.38997769164187646,0.2784506151977095
multi,2,6,-0.3021470330064846,0.3943801137428839
multi,2,7,-0.21177398048058851,0.33075422540451715
multi,2,8,-0.3214688734952157,0.2967595903618822
multi,2,9,-0.43275279984889464,0.2994523133757045
multi,2,10,-0.3437540869264037,0.36068105263617434
multi,2,11,-0.5125300754387859,0.3203628702649792
multi,3,0,-0.544018128075167,0.4521564096212387
multi,3,1,-0.4137417621297023,0.30096111772129835
multi,3,2,-0.48133197107585646,0.25138533057518375
multi,3,3,-0.38315844909798147,0.28559434486245644
multi,3,4,-0.5808129948501323,0.3111811565253341
multi,3,5,-0.4253247754559648,0.28808610864634654
multi,3,6,-0.4267454832426529,0.3163942398087492
multi,3,7,-0.4468743451823664,0.2827899526913189
multi,3,8,-0.41517969711115854,0.30541431079211745
multi,3,9,-0.38041671846063635,0.29776600943607034
multi,3,10,-0.5299626405882141,0.29294659139461887
multi,3,11,-0.4660738653758286,0.28120617684230065
multi,4,0,-0.445420538094497,0.2781702288724844
multi,4,1,-0.4168950919242306,0.2860107110831344
multi,4,2,-0.4104499954381867,0.33208735156985164
multi,4,3,-0.4819923349203606,0.2655022799679377
multi,4,4,-0.5331150239005301,0.34480792457617604
multi,4,5,-0.5487029484712294,0.25566029519710726
multi,4,6,-0.6154863554059021,0.27549911876326627
multi,4,7,-0.48378843566101093,0.3099087216321704
multi,4,8,-0.5083566980540454,0.28999177417130145
multi,4,9,-0.47784750583486363,0.2893487939846168
multi,4,10,-0.4922324797776172,0.34114411270734174
multi,4,11,-0.6317645481908375,0.28308735469591273
multi,5,0,-0.6617813714964125,0.25462535096025
multi,5,1,-0.8285470987123483,0.23972006315745195
multi,5,2,-0.5973031927398447,0.26677105626434955
multi,5,3,-0.4491995273551872,0.30124334470160957
multi,5,4,-0.5733778234206207,0.26207264172799377
multi,5,5,-0.640419718300183,0.27857842940149957
multi,5,6,-0.6339642901226893,0.24303402339370506
multi,5,7,-0.536046640416772,0.26264552048687795
multi,5,8,-0.6525591368976517,0.2689670981134026
multi,5,9,-0.7355288894338646,0.26547839745734503
multi,5,10,-0.4604796592982284,0.3136183950796868
multi,5,11,-0.32802641386005005,0.37805697553366135
multi,6,0,-0.5597503726167469,0.2947518410323893
multi,6,1,-0.6688173829887114,0.2503441272719393
multi,6,2,-0.5235919941813099,0.30641361304278514
multi,6,3,-0.5337835032203192,0.30530936885805965
multi,6,4,-0.4203572657064825,0.31249432555101453
multi,6,5,-0.5846081562139026,0.31102132594701154
multi,6,6,-0.5348441032380848,0.30722418355131614
multi,6,7,-0.4871908893479098,0.32873812867599783
multi,6,8,-0.5451855208021049,0.2814239811839409
multi,6,9,-0.649946855003169,0.278044058859927
multi,6,10,-0.5750458387504209,0.2999142623931459
multi,6,11,-0.5164220474773652,0.29029025397833114
multi,7,0,-0.5131730775705036,0.30179312043977014
multi,7,1,-0.5279325379879372,0.3193708260371847
multi,7,2,-0.6340811757026958,0.267135757555082
multi,7,3,-0.6163498869522102,0.306956813896744
multi,7,4,-0.6319587487267799,0.30944711100129246
multi,7,5,-0.47109911390468046,0.30953639919318043
multi,7,6,-0.6611447321406821,0.29075043583379206
multi,7,7,-0.6131992041013795,0.29337072459239405
multi,7,8,-0.4529784810687853,0.33320989712928106
multi,7,9,-0.4949736537756075,0.30070060694101947
multi,7,10,-0.6651671340071004,0.24403542497204345
multi,7,11,-0.6722023365064941,0.28163175603139745
multi,8,0,-0.6120175478047439,0.2884753279894301
multi,8,1,-0.643757461433243,0.26646074956481897
multi,8,2,-0.4112271750271661,0.28661730581695594
multi,8,3,-0.5289958545768279,0.307123495392429
multi,8,4,-0.4890370418840098,0.3088013994172939
multi,8,5,-0.528093088903825,0.3249361457176579
multi,8,6,-0.5690773042138856,0.2842730207061305
multi,8,7,-0.5094446558639208,0.32422516950704516
multi,8,8,-0.374222016081868,0.32511529326438904
multi,8,9,-0.5450333313704079,0.3172792284523399
multi,8,10,-0.5379594670406762,0.34541501321838897
multi,8,11,-0.4302653668791596,0.27281512725121765
multi,9,0,-0.5220037984712408,0.2781777248799222
multi,9,1,-0.4438618248930685,0.27986931757440847
multi,9,2,-0.4244054325787759,0.3109727566971362
multi,9,3,-0.5403328105220786,0.34255857085718694
multi,9,4,-0.5879344542956184,0.29686759556960135
multi,9,5,-0.6039378769868166,0.3231815912769836
multi,9,6,-0.536589686089109,0.25551140366248715
multi,9,7,-0.46532397901059575,0.31136333739873273
multi,9,8,-0.6273405976414114,0.27550811689455534
multi,9,9,-0.47866530355761283,0.29834745534994067
multi,9,10,-0.47382182295532066,0.30387056076410907
multi,9,11,-0.5266501896904892,0.3020457152313399
multi,10,0,-0.3642768660082546,0.26996851025275814
multi,10,1,-0.4192644673795174,0.273521208213371
multi,10,2,-0.44007639910515467,0.27228945580501
multi,10,3,-0.3834474850934842,0.29387576675530774
multi,10,4,-0.4737695726382297,0.2976416615606512
multi,10,5,-0.5172193935647353,0.3062465363046498
multi,10,6,-0.3946706654107273,0.3109256220095366
multi,10,7,-0.4332729977685872,0.31404043661737907
multi,10,8,-0.521007046632832,0.3033824354699514
multi,10,9,-0.44470302752404905,0.3170890120915996
multi,10,10,-0.47954824572059157,0.30926995587001727
multi,10,11,-0.4591509838911761,0.31088562179537654
multi,11,0,-0.28808504326325235,0.2829851016257573
multi,11,1,-0.5259287136136425,0.2861779015330435
multi,11,2,-0.4241322116765115,0.3040379670638483
multi,11,3,-0.41663483678889196,0.40241542718942885
multi,11,4,-0.44462394849769826,0.31036501862470384
multi,11,5,-0.49701169784823684,0.26284651950146387
multi,11,6,-0.5321954320688016,0.266645678038736
multi,11,7,-0.4335193301965698,0.27581555779697825
multi,11,8,-0.15560701137378183,0.3926179176106036
multi,11,9,-0.4448929428573083,0.25136256796642414
multi,11,10,-0.42810890276553576,0.30627681430682396
multi,11,11,-0.3164536302061779,0.35923864786486026
