text,layer,head,mean_conc
news,0,0,0.30108014875795786
news,0,1,0.3219667342377872
news,0,2,0.4790659241560029
news,0,3,0.25512750047009164
news,0,4,0.27751590347871546
news,0,5,0.32324253858589547
news,0,6,0.25333896097613545
news,0,7,0.2884397870156823
news,0,8,0.5118671146834769
news,0,9,0.5172778934967227
news,0,10,0.47388424742512586
news,0,11,0.35227063661668356
news,1,0,0.2647562070590694
news,1,1,0.2788161857099068
news,1,2,0.2509790019291203
news,1,3,0.5839291672881056
news,1,4,0.28984445115415064
news,1,5,0.348677668629623
news,1,6,0.3842275549725788
news,1,7,0.3688806702451008
news,1,8,0.38149042318506937
news,1,9,0.31092468521943906
news,1,10,0.31396239705202056
news,1,11,0.587762656008325
news,2,0,0.34672882062632865
news,2,1,0.3763001539358279
news,2,2,0.26860423640507025
news,2,3,0.2905985505842581
news,2,4,0.3166946594308062
news,2,5,0.28086658912460977
news,2,6,0.3344980878073995
news,2,7,0.33521383128515103
news,2,8,0.29906431531033867
news,2,9,0.2903228329449165
news,2,10,0.30362500759159644
news,2,11,0.34224729058219167
news,3,0,0.38137271164394004
news,3,1,0.2839858757286537
news,3,2,0.3088697852884851
news,3,3,0.27975093300749615
news,3,4,0.334231320677734
news,3,5,0.31059931473034186
news,3,6,0.29447402786917803
news,3,7,0.2673885284400568
news,3,8,0.30434617799956626
news,3,9,0.2958762420386803
news,3,10,0.2901619723657282
news,3,11,0.25801054224735354
news,4,0,0.3030555419078687
news,4,1,0.2823178782695677
news,4,2,0.32995580173120265
news,4,3,0.3094705005244511
news,4,4,0.32136598447474035
news,4,5,0.25434534069968434
news,4,6,0.31732153383696954
news,4,7,0.31676076388940577
news,4,8,0.32813171388172524
news,4,9,0.31417648639620804
news,4,10,0.30322611186562515
news,4,11,0.2973591107420805
news,5,0,0.29211247221725745
news,5,1,0.25353541534121443
news,5,2,0.29739746051590615
news,5,3,0.3095212673268667
news,5,4,0.2949408481760723
news,5,5,0.29456840455532074
news,5,6,0.25355918305676156
news,5,7,0.3086463848992092
news,5,8,0.27812807116566635
news,5,9,0.284484269052017
news,5,10,0.3501633961753147
news,5,11,0.3956461992205643
news,6,0,0.3396055643878332
news,6,1,0.26933966213610117
news,6,2,0.37655234845673163
news,6,3,0.2947354571121495
news,6,4,0.3453890266941815
news,6,5,0.33869479705647726
news,6,6,0.28696171357864286
news,6,7,0.32309045697130806
news,6,8,0.31205175453569833
news,6,9,0.2652381876619851
news,6,10,0.28163517757159906
news,6,11,0.2888028807029491
news,7,0,0.29633154665551537
news,7,1,0.3074234160708218
news,7,2,0.26324338011625337
news,7,3,0.3272906072982928
news,7,4,0.3433194356720622
news,7,5,0.30321935000942973
news,7,6,0.29613293816403646
news,7,7,0.32743203349229766
news,7,8,0.3252348689044394
news,7,9,0.2942210134209656
news,7,10,0.2742695383182386
news,7,11,0.27105640747198245
news,8,0,0.31341465144622616
news,8,1,0.2790642686006499
news,8,2,0.32151348125643847
news,8,3,0.3512199055857775
news,8,4,0.3254726449163949
news,8,5,0.31756785802724885
news,8,6,0.2959061523036259
news,8,7,0.33326091490140775
news,8,8,0.31991909262610646
news,8,9,0.3225267740284524
news,8,10,0.3187303099690414
news,8,11,0.2841205767742017
news,9,0,0.3259308563499916
news,9,1,0.27992544268689507
news,9,2,0.300088404518802
news,9,3,0.3354608358406439
news,9,4,0.29965894687466504
news,9,5,0.31948590133248306
news,9,6,0.29930518567562103
news,9,7,0.303880067133322
news,9,8,0.28615194268342925
news,9,9,0.3062533114741488
news,9,10,0.33685347910334423
news,9,11,0.295947765431753
news,10,0,0.29603324139990456
news,10,1,0.2915013388889592
news,10,2,0.3034202209333094
news,10,3,0.2925222199864504
news,10,4,0.2771981943671296
news,10,5,0.3083737997747049
news,10,6,0.3049283511028057
news,10,7,0.296480936248128
news,10,8,0.2833576500415802
news,10,9,0.32754149596865584
news,10,10,0.37534258678192045
news,10,11,0.3353334621685307
news,11,0,0.2932527250633007
news,11,1,0.30318954768704204
news,11,2,0.30952824252407724
news,11,3,0.38308264496849803
news,11,4,0.3133121405432864
news,11,5,0.27208178472228167
news,11,6,0.28617199019687933
news,11,7,0.3002091573505867
news,11,8,0.4810949236881442
news,11,9,0.29126447112095066
news,11,10,0.3019542857641127
news,11,11,0.3372864675957982
code,0,0,0.42488837995748413
code,0,1,0.5288052408174536
code,0,2,0.486232564367097
code,0,3,0.42688305761622286
code,0,4,0.4597348923655762
code,0,5,0.5247461391591478
code,0,6,0.38403561882589055
code,0,7,0.38477791177815407
code,0,8,0.4315935575413978
code,0,9,0.3896994361247139
code,0,10,0.5079372367639651
code,0,11,0.32797664523809805
code,1,0,0.35345726896976604
code,1,1,0.38256310525981857
code,1,2,0.3618645652614791
code,1,3,0.5600061471434845
code,1,4,0.3784909337416463
code,1,5,0.49652859174657143
code,1,6,0.41789896032590973
code,1,7,0.32055233761496926
code,1,8,0.32847180414473875
code,1,9,0.301651193492714
code,1,10,0.3953021915479638
code,1,11,0.6896191414060264
code,2,0,0.3775137371715458
code,2,1,0.31270740669349145
code,2,2,0.40997411601844874
code,2,3,0.35342754372235
code,2,4,0.403329581364818
code,2,5,0.35154571923716316
code,2,6,0.4491736138689107
code,2,7,0.3376945373655736
code,2,8,0.34622513973849944
code,2,9,0.3946517863492856
code,2,10,0.4471039662415954
code,2,11,0.40398388141873237
code,3,0,0.4559619287992346
code,3,1,0.36528586587686646
code,3,2,0.36913318315456656
code,3,3,0.3978740542099394
code,3,4,0.3415914564982228
code,3,5,0.31313601804190666
code,3,6,0.3848111581528324
code,3,7,0.3524092060738596
code,3,8,0.3369596718714155
code,3,9,0.3915808468029417
code,3,10,0.35771560566178684
code,3,11,0.3366970789843592
code,4,0,0.35091767605693863
code,4,1,0.33212823275176956
code,4,2,0.3178771525278859
code,4,3,0.35127461675939886
code,4,4,0.46854990617982273
code,4,5,0.33076146707452575
code,4,6,0.36606149409694233
code,4,7,0.390108218309523
code,4,8,0.3488817985715537
code,4,9,0.34897951884516354
code,4,10,0.3939134656697854
code,4,11,0.38253625987590045
code,5,0,0.3844502679575449
code,5,1,0.35249870227671215
code,5,2,0.3364464542989073
code,5,3,0.3545991997609193
code,5,4,0.33937902097729433
code,5,5,0.36244386811366025
code,5,6,0.37726673158420915
code,5,7,0.3033538582338684
code,5,8,0.38063349309323846
code,5,9,0.3071114134857024
code,5,10,0.3325984729775067
code,5,11,0.38195313821578847
code,6,0,0.3570590420015927
code,6,1,0.3307513127039219
code,6,2,0.3010154799825844
code,6,3,0.3330643190734688
code,6,4,0.3042947017940982
code,6,5,0.3216998025603678
code,6,6,0.3225926547900014
code,6,7,0.33624040977708225
code,6,8,0.34926159731272993
code,6,9,0.3978016758444666
code,6,10,0.36748277610060814
code,6,11,0.32514755205176343
code,7,0,0.353367579051818
code,7,1,0.312064016687459
code,7,2,0.3876331880174834
code,7,3,0.3554355685395756
code,7,4,0.30627936210440493
code,7,5,0.30699425507550954
code,7,6,0.31279095613408364
code,7,7,0.3590037709680097
code,7,8,0.3339695480020567
code,7,9,0.311831576556995
code,7,10,0.41448109417126094
code,7,11,0.4005848952065939
code,8,0,0.399996116072282
code,8,1,0.39486457869924346
code,8,2,0.4173355349178972
code,8,3,0.31433859193462066
code,8,4,0.3169280554371319
code,8,5,0.3373786637495304
code,8,6,0.3317507988420026
code,8,7,0.35955714665610217
code,8,8,0.36472329668615056
code,8,9,0.326772700609832
code,8,10,0.3774992761940792
code,8,11,0.3848608226954252
code,9,0,0.29393323074127065
code,9,1,0.30974711392117643
code,9,2,0.29273678961841537
code,9,3,0.3575260640903451
code,9,4,0.35294588817947214
code,9,5,0.33995644457038793
code,9,6,0.3675246250697936
code,9,7,0.30405472835590097
code,9,8,0.3364375182266893
code,9,9,0.4000157660793984
code,9,10,0.34712082849836895
code,9,11,0.43932616162574156
code,10,0,0.4240209496226804
code,10,1,0.31437695814275196
code,10,2,0.382625708634826
code,10,3,0.36301615834236145
code,10,4,0.36435664248192445
code,10,5,0.3438496699278382
code,10,6,0.2972385922725173
code,10,7,0.4521839880737765
code,10,8,0.319317948201607
code,10,9,0.3443256017120405
code,10,10,0.44802265126129676
code,10,11,0.35757194476566095
code,11,0,0.39066679004965155
code,11,1,0.3880400037628481
code,11,2,0.4229940223967892
code,11,3,0.29877322535405215
code,11,4,0.44437169257936804
code,11,5,0.3683881406811462
code,11,6,0.3389582589439962
code,11,7,0.35329990414367324
code,11,8,0.4760490758665677
code,11,9,0.33863657661553087
code,11,10,0.4415901741762271
code,11,11,0.5169763225933601
poetry,0,0,0.30666914442554116
poetry,0,1,0.310012083966285
poetry,0,2,0.44242551643401384
poetry,0,3,0.27900054259225726
poetry,0,4,0.3040503649972379
poetry,0,5,0.32643250469118357
poetry,0,6,0.2967285281047225
poetry,0,7,0.3093482367694378
poetry,0,8,0.48920773807913065
poetry,0,9,0.5022643962875009
poetry,0,10,0.48488500341773033
poetry,0,11,0.4159389780834317
poetry,1,0,0.29050289699807763
poetry,1,1,0.2980526494793594
poetry,1,2,0.30363456159830093
poetry,1,3,0.6123945154249668
poetry,1,4,0.31915378104895353
poetry,1,5,0.36411589523777366
poetry,1,6,0.3631623825058341
poetry,1,7,0.33883445942774415
poetry,1,8,0.32446411019191146
poetry,1,9,0.28884593630209565
poetry,1,10,0.348260089289397
poetry,1,11,0.659406952559948
poetry,2,0,0.3804678516462445
poetry,2,1,0.3599663833156228
poetry,2,2,0.2859041406773031
poetry,2,3,0.2774301045574248
poetry,2,4,0.3460283470340073
poetry,2,5,0.32744847098365426
poetry,2,6,0.3797888979315758
poetry,2,7,0.3471722104586661
poetry,2,8,0.31246120063588023
poetry,2,9,0.33427579002454877
poetry,2,10,0.3448426714166999
poetry,2,11,0.35444500762969255
poetry,3,0,0.45949367992579937
poetry,3,1,0.2938467226922512
poetry,3,2,0.2815517205744982
poetry,3,3,0.3071704711765051
poetry,3,4,0.36331658717244864
poetry,3,5,0.3186802351847291
poetry,3,6,0.3283985750749707
poetry,3,7,0.3111573103815317
poetry,3,8,0.36534589901566505
poetry,3,9,0.31386255426332355
poetry,3,10,0.3231667736545205
poetry,3,11,0.31542347092181444
poetry,4,0,0.296505993232131
poetry,4,1,0.3099419637583196
poetry,4,2,0.3734367499127984
poetry,4,3,0.2912519979290664
poetry,4,4,0.31783232651650906
poetry,4,5,0.2714031874202192
poetry,4,6,0.2958272937685251
poetry,4,7,0.32770283659920096
poetry,4,8,0.33689347840845585
poetry,4,9,0.2863361435011029
poetry,4,10,0.3155939797870815
poetry,4,11,0.28006947226822376
poetry,5,0,0.28465852746739984
poetry,5,1,0.2987511050887406
poetry,5,2,0.28832335909828544
poetry,5,3,0.32571242609992623
poetry,5,4,0.3244155654683709
poetry,5,5,0.29410591535270214
poetry,5,6,0.27949348418042064
poetry,5,7,0.30461012525483966
poetry,5,8,0.2898164982907474
poetry,5,9,0.30182177061215043
poetry,5,10,0.3238725154660642
poetry,5,11,0.33361417800188065
poetry,6,0,0.2986159073188901
poetry,6,1,0.2827477212995291
poetry,6,2,0.3336855163797736
poetry,6,3,0.3023362848907709
poetry,6,4,0.29901735624298453
poetry,6,5,0.30526883294805884
poetry,6,6,0.3112824931740761
poetry,6,7,0.2967556118965149
poetry,6,8,0.29095683339983225
poetry,6,9,0.2723578391596675
poetry,6,10,0.29096728516742587
poetry,6,11,0.27908418234437704
poetry,7,0,0.2975685950368643
poetry,7,1,0.3051981832832098
poetry,7,2,0.26652561593800783
poetry,7,3,0.3117358395829797
poetry,7,4,0.3122837380506098
poetry,7,5,0.31556160002946854
poetry,7,6,0.2935297763906419
poetry,7,7,0.29473373061046004
poetry,7,8,0.3325848770327866
poetry,7,9,0.28207492968067527
poetry,7,10,0.26617355179041624
poetry,7,11,0.29619584511965513
poetry,8,0,0.33709165500476956
poetry,8,1,0.27644850546494126
poetry,8,2,0.33677584305405617
poetry,8,3,0.315387642942369
poetry,8,4,0.2845896575599909
poetry,8,5,0.29654978308826685
poetry,8,6,0.28823627810925245
poetry,8,7,0.2860423526726663
poetry,8,8,0.3411613218486309
poetry,8,9,0.30484112398698926
poetry,8,10,0.3096649623475969
poetry,8,11,0.30608571460470557
poetry,9,0,0.3393506994470954
poetry,9,1,0.33389617409557104
poetry,9,2,0.2972373845987022
poetry,9,3,0.3408823302015662
poetry,9,4,0.29787361435592175
poetry,9,5,0.3280054712668061
poetry,9,6,0.33286199579015374
poetry,9,7,0.2878055921755731
poetry,9,8,0.3024581475183368
poetry,9,9,0.34586417442187667
poetry,9,10,0.31079729413613677
poetry,9,11,0.30984537955373526
poetry,10,0,0.3601202303543687
poetry,10,1,0.32052272744476795
poetry,10,2,0.33673256170004606
poetry,10,3,0.33061415143311024
poetry,10,4,0.3118693036958575
poetry,10,5,0.2812616773881018
poetry,10,6,0.31518880324438214
poetry,10,7,0.3660170352086425
poetry,10,8,0.2810419239103794
poetry,10,9,0.31199695682153106
poetry,10,10,0.3710020035505295
poetry,10,11,0.3285065642558038
poetry,11,0,0.30834758281707764
poetry,11,1,0.28920898772776127
poetry,11,2,0.3389273760840297
poetry,11,3,0.3691769167780876
poetry,11,4,0.325504831969738
poetry,11,5,0.3030853536911309
poetry,11,6,0.31968712341040373
poetry,11,7,0.30340723460540175
poetry,11,8,0.490814576856792
poetry,11,9,0.2957261083647609
poetry,11,10,0.32475581066682935
poetry,11,11,0.3635304868221283
dialogue,0,0,0.3213832007378948
dialogue,0,1,0.3566502758434841
dialogue,0,2,0.41847142698813455
dialogue,0,3,0.2853742886562737
dialogue,0,4,0.29588073644102836
dialogue,0,5,0.41341304779052734
dialogue,0,6,0.41090042585012865
dialogue,0,7,0.28245654884649785
dialogue,0,8,0.4125233812599766
dialogue,0,9,0.3603798528106845
dialogue,0,10,0.4043841891142787
dialogue,0,11,0.4928663689263013
dialogue,1,0,0.2949410108279209
dialogue,1,1,0.33386758699709057
dialogue,1,2,0.2936295502039851
dialogue,1,3,0.5990629366465977
dialogue,1,4,0.27348966622839166
dialogue,1,5,0.43142024716552424
dialogue,1,6,0.4507647025950101
dialogue,1,7,0.35337869914210573
dialogue,1,8,0.35960282263707144
dialogue,1,9,0.44752948503105006
dialogue,1,10,0.35375092132967345
dialogue,1,11,0.6138144640290008
dialogue,2,0,0.33599621848184236
dialogue,2,1,0.37578933275475795
dialogue,2,2,0.2853309244525676
dialogue,2,3,0.2821345657718425
dialogue,2,4,0.401009203828111
dialogue,2,5,0.2752924616239509
dialogue,2,6,0.36221457774541815
dialogue,2,7,0.3521033428153213
dialogue,2,8,0.3430283370674873
dialogue,2,9,0.2954402149331813
dialogue,2,10,0.3627068655831473
dialogue,2,11,0.35364910534449984
dialogue,3,0,0.4930504353678956
dialogue,3,1,0.37975047133406814
dialogue,3,2,0.27826104449982547
dialogue,3,3,0.30526837797797457
dialogue,3,4,0.3983587929788901
dialogue,3,5,0.31327261790937305
dialogue,3,6,0.30122428402608753
dialogue,3,7,0.29477723672681927
dialogue,3,8,0.34490323370816756
dialogue,3,9,0.3170040447492989
dialogue,3,10,0.31981060547488077
dialogue,3,11,0.30003527567094684
dialogue,4,0,0.3214082538473363
dialogue,4,1,0.33656646645798977
dialogue,4,2,0.42557036450931
dialogue,4,3,0.27331454443688297
dialogue,4,4,0.35212242572891467
dialogue,4,5,0.29968311561613664
dialogue,4,6,0.2890467148046104
dialogue,4,7,0.3290594506020449
dialogue,4,8,0.36176587245902236
dialogue,4,9,0.3080185192580126
dialogue,4,10,0.3996033735421239
dialogue,4,11,0.300255828670093
dialogue,5,0,0.3446938872945552
dialogue,5,1,0.2965497699927311
dialogue,5,2,0.3031459982906069
dialogue,5,3,0.38941118242789285
dialogue,5,4,0.2826153496090247
dialogue,5,5,0.31299119245032875
dialogue,5,6,0.2982949793946986
dialogue,5,7,0.3143169496740614
dialogue,5,8,0.33025538069861277
dialogue,5,9,0.32478485788617817
dialogue,5,10,0.32566417510412177
dialogue,5,11,0.3458179855833248
dialogue,6,0,0.31964995940120855
dialogue,6,1,0.28281740540144396
dialogue,6,2,0.3203596098690617
dialogue,6,3,0.34556674501117396
dialogue,6,4,0.30659852252931014
dialogue,6,5,0.36888250434885217
dialogue,6,6,0.3140388730229164
dialogue,6,7,0.32130659903798786
dialogue,6,8,0.29859983616945696
dialogue,6,9,0.31884225412290923
dialogue,6,10,0.31917084236534277
dialogue,6,11,0.29126058731760296
dialogue,7,0,0.29569478789154363
dialogue,7,1,0.3264066999664112
dialogue,7,2,0.3010043212953879
dialogue,7,3,0.31258145187582287
dialogue,7,4,0.3439945323126657
dialogue,7,5,0.31940168841760985
dialogue,7,6,0.32157652019237987
dialogue,7,7,0.34344484733075514
dialogue,7,8,0.35487581059640766
dialogue,7,9,0.32170987311674626
dialogue,7,10,0.3424297543812771
dialogue,7,11,0.3101659389782925
dialogue,8,0,0.3276005992475821
dialogue,8,1,0.31877560822331175
dialogue,8,2,0.3458011493999131
dialogue,8,3,0.3100844971379455
dialogue,8,4,0.3266114066449963
dialogue,8,5,0.33931346024785725
dialogue,8,6,0.3455767430821244
dialogue,8,7,0.30078642191935556
dialogue,8,8,0.35237837932547744
dialogue,8,9,0.364573988987475
dialogue,8,10,0.3370284048878417
dialogue,8,11,0.33302205071157337
dialogue,9,0,0.3361121087658162
dialogue,9,1,0.31300137693784674
dialogue,9,2,0.35020871247564045
dialogue,9,3,0.34969802535310085
dialogue,9,4,0.3367252203882957
dialogue,9,5,0.3506616801023483
dialogue,9,6,0.30743687463049985
dialogue,9,7,0.3458597237358288
dialogue,9,8,0.3441323957272938
dialogue,9,9,0.31062518972523356
dialogue,9,10,0.31377404563281003
dialogue,9,11,0.3600681196061932
dialogue,10,0,0.3338272735780599
dialogue,10,1,0.30630794654087146
dialogue,10,2,0.30693619835133457
dialogue,10,3,0.30261829282556263
dialogue,10,4,0.35853361718508664
dialogue,10,5,0.3385842260049314
dialogue,10,6,0.2902322527097196
dialogue,10,7,0.35588232960019794
dialogue,10,8,0.34327234388614186
dialogue,10,9,0.34085619875362944
dialogue,10,10,0.3465030099056205
dialogue,10,11,0.3077916095451433
dialogue,11,0,0.3120691846219861
dialogue,11,1,0.309670300508032
dialogue,11,2,0.3369325889008386
dialogue,11,3,0.2969780390968128
dialogue,11,4,0.4006915414819912
dialogue,11,5,0.3298784880613794
dialogue,11,6,0.31979362666606903
dialogue,11,7,0.37084160897196555
dialogue,11,8,0.4754118517953522
dialogue,11,9,0.3268868673820885
dialogue,11,10,0.34939036442309007
dialogue,11,11,0.5669591898212627
math,0,0,0.3195454627275467
math,0,1,0.2955127465336219
math,0,2,0.465904765802881
math,0,3,0.28448057207076444
math,0,4,0.29693574814692786
math,0,5,0.32299527266751166
math,0,6,0.25508478186700656
math,0,7,0.3009763172139292
math,0,8,0.4396261961563774
math,0,9,0.4314989965894948
math,0,10,0.4447226699279702
math,0,11,0.34036801690640656
math,1,0,0.303993568148302
math,1,1,0.28053319745737576
math,1,2,0.26291630417108536
math,1,3,0.5797127219645873
math,1,4,0.29979006622148596
math,1,5,0.3598469725769499
math,1,6,0.34537451552308124
math,1,7,0.3273814987877141
math,1,8,0.36041560477536655
math,1,9,0.3363664347840392
math,1,10,0.32887720316648483
math,1,11,0.6623884122008863
math,2,0,0.34414092548515485
math,2,1,0.3850186680969985
math,2,2,0.30937823815190274
math,2,3,0.27376234855340875
math,2,4,0.3462825164846752
math,2,5,0.2967442588313766
math,2,6,0.3917839967686197
math,2,7,0.3267285875652147
math,2,8,0.3089443299433459
math,2,9,0.3381858351437942
math,2,10,0.3194467558161072
math,2,11,0.3733795466630355
math,3,0,0.4965195189351621
math,3,1,0.29936559077190317
math,3,2,0.26051952171584836
math,3,3,0.28143130858307297
math,3,4,0.36443544859471527
math,3,5,0.32463605054046796
math,3,6,0.31360571604707965
math,3,7,0.27155383611502854
math,3,8,0.32764449845189636
math,3,9,0.31595758024765097
math,3,10,0.3033553789491239
math,3,11,0.3047337736124578
math,4,0,0.29632567290378653
math,4,1,0.3104668324408324
math,4,2,0.37774182272994
math,4,3,0.2911964334223581
math,4,4,0.32235288619995117
math,4,5,0.2717779204249382
math,4,6,0.3225033199009688
math,4,7,0.33600357855143753
math,4,8,0.3006723095541415
math,4,9,0.2857967883996341
math,4,10,0.3522986235178035
math,4,11,0.30827951431274414
math,5,0,0.2933773479383925
math,5,1,0.30484978206779645
math,5,2,0.2861706501115923
math,5,3,0.331545267092145
math,5,4,0.2915522248848625
math,5,5,0.3087914249171381
math,5,6,0.28290420738251315
math,5,7,0.3129617575070132
math,5,8,0.26839049484418787
math,5,9,0.30060286884722504
math,5,10,0.38770844171876495
math,5,11,0.3651414115143859
math,6,0,0.29094664590514224
math,6,1,0.27279472253892734
math,6,2,0.32126034245542856
math,6,3,0.2883868648306183
math,6,4,0.32359693069820816
math,6,5,0.30174919282612594
math,6,6,0.3122639623673066
math,6,7,0.3089283251244089
math,6,8,0.2889955652796704
math,6,9,0.2911947155776231
math,6,10,0.30263230658095813
math,6,11,0.33607092111007025
math,7,0,0.2854233685394992
math,7,1,0.2861644194825836
math,7,2,0.2995424183166545
math,7,3,0.3567672880447429
math,7,4,0.32394478372905566
math,7,5,0.2971018756861272
math,7,6,0.2812487094298653
math,7,7,0.299835708802161
math,7,8,0.3031577296231104
math,7,9,0.32348469288452814
math,7,10,0.2741227616434512
math,7,11,0.3067764244649721
math,8,0,0.3487024414150611
math,8,1,0.28102717678184097
math,8,2,0.3153961310568063
math,8,3,0.327476162949334
math,8,4,0.30508650612571964
math,8,5,0.2964452100188836
math,8,6,0.3230017708695453
math,8,7,0.30742699199396634
math,8,8,0.33288829838452133
math,8,9,0.30153911139654077
math,8,10,0.3180147069303886
math,8,11,0.3306488608536513
math,9,0,0.2813963566137397
math,9,1,0.3205459558445474
math,9,2,0.2965414828580359
math,9,3,0.3179849774941154
math,9,4,0.3534298879296883
math,9,5,0.34126701659482456
math,9,6,0.2853232149196708
math,9,7,0.32226072122221405
math,9,8,0.30128295233716135
math,9,9,0.3120652045244756
math,9,10,0.32476837576731393
math,9,11,0.3663974874045538
math,10,0,0.29385618509157846
math,10,1,0.3156134090993715
math,10,2,0.32472288349400397
math,10,3,0.32159006466036255
math,10,4,0.3308979386220808
math,10,5,0.2990215880715329
math,10,6,0.3176292278196501
math,10,7,0.3333888183469358
math,10,8,0.2907128045740335
math,10,9,0.29181944319735403
math,10,10,0.31280788066594495
math,10,11,0.3511215024020361
math,11,0,0.3011472128007723
math,11,1,0.2946113454906837
math,11,2,0.32189806064833765
math,11,3,0.35883995534285257
math,11,4,0.33660527642654336
math,11,5,0.30969820884258853
math,11,6,0.2952701653475347
math,11,7,0.30093408764704416
math,11,8,0.5055192106443903
math,11,9,0.29144922157992487
math,11,10,0.327545753315739
math,11,11,0.388273588989092
